bootstrap,group,T_equilibrium,P_D_equilibrium,M_threshold,margin_to_threshold_T,k_used
0,Anglosphere ex-US,759.363873975793,615.3452529299072,119.77848101265822,639.5853929631348,25
0,Continental Europe,1560.7439855867233,1472.3997620958723,129.0692124105012,1431.674773176222,26
0,Hindu,1496.9787825040603,1418.0396244605097,66.04072398190046,1430.9380585221597,21
0,Islamic,896.4184341554505,841.493054662749,126.52032520325203,769.8981089521985,31
0,Japanese,258.03591128593615,199.93752104005458,50.47533632286996,207.5605749630662,12
0,Other Civilizations,425.16032764768937,349.65991313447785,104.59615384615385,320.5641738015355,21
0,Other Western,509.02509000667663,393.5216129813864,57.16981132075472,451.8552786859219,15
0,Sinic,1788.0884272135204,1710.804194375722,112.34408602150538,1675.744341192015,24
0,United States,987.2299509969876,903.7082563238689,132.49329758713137,854.7366534098562,28
1,Anglosphere ex-US,1580.477699732196,1502.6936783362012,119.77848101265822,1460.6992187195378,25
1,Continental Europe,883.1144765447984,806.9697435188215,129.0692124105012,754.0452641342972,26
1,Hindu,1494.0962566840474,1439.7107801366421,66.04072398190046,1428.0555327021468,21
1,Islamic,895.3861091394525,807.8084072557438,126.52032520325203,768.8657839362005,31
1,Japanese,466.3398552250081,395.84907553173514,50.47533632286996,415.8645189021381,12
1,Other Civilizations,424.4305214988901,378.8589671713724,104.59615384615385,319.8343676527362,21
1,Other Western,514.738968869377,460.4252209832135,57.16981132075472,457.5691575486223,15
1,Sinic,3658.996699658961,3530.086299551425,112.34408602150538,3546.6526136374555,24
1,United States,685.6100313593098,528.9768107542126,132.49329758713137,553.1167337721785,28
2,Anglosphere ex-US,476.31577547356153,323.46815261568713,119.77848101265822,356.5372944609033,25
2,Continental Europe,1591.1815651904167,1504.889503932109,129.0692124105012,1462.1123527799155,26
2,Hindu,1496.2159033492762,1431.9289895350792,66.04072398190046,1430.1751793673757,21
2,Islamic,899.1682791322223,804.8476857031671,126.52032520325203,772.6479539289703,31
2,Japanese,168.76352612207182,109.31135675611111,50.47533632286996,118.28818979920186,12
2,Other Civilizations,891.7514399356802,794.7565543079226,104.59615384615385,787.1552860895264,21
2,Other Western,510.988774830407,453.24015217984083,57.16981132075472,453.8189635096523,15
2,Sinic,1781.4134151373516,1709.0078601069413,112.34408602150538,1669.0693291158464,24
2,United States,818.903567974852,689.8262440463619,132.49329758713137,686.4102703877206,28
3,Anglosphere ex-US,1575.3579525433029,1473.6135801311311,119.77848101265822,1455.5794715306447,25
3,Continental Europe,1110.0422602149472,1038.4554181162614,129.0692124105012,980.973047804446,26
3,Hindu,1501.2642216735626,1375.0085762046906,66.04072398190046,1435.223497691662,21
3,Islamic,894.190961877677,670.2313372142265,126.52032520325203,767.6706366744249,31
3,Japanese,461.15693339949223,342.28039667060375,50.47533632286996,410.68159707662227,12
3,Other Civilizations,433.29806166870895,321.70629160840997,104.59615384615385,328.7019078225551,21
3,Other Western,506.5904595796627,471.3487538325868,57.16981132075472,449.420648258908,15
3,Sinic,1788.1632165908509,1695.631169245412,112.34408602150538,1675.8191305693456,24
3,United States,682.0035790417172,613.0650311854328,132.49329758713137,549.5102814545859,28
4,Anglosphere ex-US,1577.5353984624428,1474.225793821609,119.77848101265822,1457.7569174497846,25
4,Continental Europe,734.5183227479454,613.178796655988,129.0692124105012,605.4491103374442,26
4,Hindu,1499.4122724635715,1405.6509977545156,66.04072398190046,1433.371548481671,21
4,Islamic,887.8877696741023,818.8923552625516,126.52032520325203,761.3674444708503,31
4,Japanese,117.98601582912838,78.36940330029798,50.47533632286996,67.51067950625841,12
4,Other Civilizations,106.91980119054458,78.74151271723865,104.59615384615385,2.3236473443907215,21
4,Other Western,514.3878421917682,460.603629888303,57.16981132075472,457.21803087101347,15
4,Sinic,1773.5572808815837,1651.261628949949,112.34408602150538,1661.2131948600784,24
4,United States,663.0742962922992,575.8119728865155,132.49329758713137,530.5809987051679,28
5,Anglosphere ex-US,1583.2847825398203,1392.6169546383303,119.77848101265822,1463.5063015271621,25
5,Continental Europe,913.1269042718726,813.1441476565468,129.0692124105012,784.0576918613714,26
5,Hindu,1498.3187252095731,1401.2743364559503,66.04072398190046,1432.2780012276726,21
5,Islamic,894.5012065690939,691.2359504135356,126.52032520325203,767.9808813658419,31
5,Japanese,161.97750415368455,116.30710912110797,50.47533632286996,111.50216783081459,12
5,Other Civilizations,254.63075699754745,211.63406427942746,104.59615384615385,150.03460315139358,21
5,Other Western,513.116268880685,435.90331955510055,57.16981132075472,455.94645755993025,15
5,Sinic,1777.5914087308547,1683.1435049621296,112.34408602150538,1665.2473227093494,24
5,United States,571.1044708671425,463.3706128202259,132.49329758713137,438.61117328001114,28
6,Anglosphere ex-US,750.7947371421169,715.9923273756954,119.77848101265822,631.0162561294587,25
6,Continental Europe,1579.4032277770145,1453.9466942554857,129.0692124105012,1450.3340153665133,26
6,Hindu,1493.2078609443158,1441.4070984094913,66.04072398190046,1427.1671369624153,21
6,Islamic,892.306087932163,843.2319399619105,126.52032520325203,765.785762728911,31
6,Japanese,335.0192662194319,235.4870203694019,50.47533632286996,284.54392989656196,12
6,Other Civilizations,406.43474731366655,331.3258037829188,104.59615384615385,301.8385934675127,21
6,Other Western,513.8004135723626,444.5086437780786,57.16981132075472,456.63060225160785,15
6,Sinic,1784.4509513045418,1667.3457884537534,112.34408602150538,1672.1068652830365,24
6,United States,588.6269107965544,499.92002358597443,132.49329758713137,456.13361320942306,28
7,Anglosphere ex-US,745.8440225122138,639.2471079129712,119.77848101265822,626.0655414995556,25
7,Continental Europe,1136.58512571008,1053.7225478658097,129.0692124105012,1007.5159132995789,26
7,Hindu,1494.2986465415772,1441.9151057797533,66.04072398190046,1428.2579225596767,21
7,Islamic,886.3166273280342,836.772542238047,126.52032520325203,759.7963021247822,31
7,Japanese,253.27693100069212,193.4397865396553,50.47533632286996,202.80159467782215,12
7,Other Civilizations,424.0250173482001,367.9498473113568,104.59615384615385,319.4288635020462,21
7,Other Western,514.6911372490862,427.50783548515125,57.16981132075472,457.52132592833146,15
7,Sinic,3650.5835581757406,3558.4419661653865,112.34408602150538,3538.239472154235,24
7,United States,978.799062065163,890.1181720158961,132.49329758713137,846.3057644780316,28
8,Anglosphere ex-US,481.5893299722633,276.4035324597622,119.77848101265822,361.81084895960504,25
8,Continental Europe,4955.479425078039,4835.430499681767,129.0692124105012,4826.410212667538,26
8,Hindu,1497.102994890456,1432.5359129044803,66.04072398190046,1431.0622709085555,21
8,Islamic,897.1151655357612,826.8809896859841,126.52032520325203,770.5948403325092,31
8,Japanese,165.37983795229792,98.28088790256518,50.47533632286996,114.90450162942795,12
8,Other Civilizations,881.1935095873304,761.2585006190225,104.59615384615385,776.5973557411766,21
8,Other Western,513.1582339965048,389.8108365051623,57.16981132075472,455.9884226757501,15
8,Sinic,3654.189107827828,3568.6618843182378,112.34408602150538,3541.8450218063226,24
8,United States,1238.0348407173688,1157.2589519474766,132.49329758713137,1105.5415431302374,28
9,Anglosphere ex-US,1584.9679880352166,1516.9742099789826,119.77848101265822,1465.1895070225585,25
9,Continental Europe,4969.6605328158175,4867.912018196008,129.0692124105012,4840.591320405317,26
9,Hindu,1497.2840147772067,1415.769889933835,66.04072398190046,1431.2432907953062,21
9,Islamic,893.1116495414242,800.8993611191884,126.52032520325203,766.5913243381722,31
9,Japanese,259.0769073531033,167.7724385430259,50.47533632286996,208.60157103023334,12
9,Other Civilizations,891.079277487357,812.3833021430033,104.59615384615385,786.4831236412032,21
9,Other Western,514.1540595274046,387.8541151278461,57.16981132075472,456.98424820664985,15
9,Sinic,670.0515366148309,573.1931423389713,112.34408602150538,557.7074505933255,24
9,United States,977.2722850875523,892.9899187332021,132.49329758713137,844.778987500421,28
10,Anglosphere ex-US,1581.621445638907,1499.8239032436702,119.77848101265822,1461.8429646262489,25
10,Continental Europe,4953.22973740259,4882.430326218482,129.0692124105012,4824.160524992089,26
10,Hindu,1500.6565487314917,1422.2598161908156,66.04072398190046,1434.6158247495912,21
10,Islamic,887.7072685671953,834.3942671079603,126.52032520325203,761.1869433639433,31
10,Japanese,205.20760879965565,154.25291772837483,50.47533632286996,154.73227247678568,12
10,Other Civilizations,888.6632354296491,834.7534942948135,104.59615384615385,784.0670815834953,21
10,Other Western,509.2675793202607,381.1817391955903,57.16981132075472,452.097767999506,15
10,Sinic,1783.4890246266907,1705.526411897969,112.34408602150538,1671.1449386051854,24
10,United States,1731.6226303594515,1667.1184249549551,132.49329758713137,1599.1293327723201,28
11,Anglosphere ex-US,468.45204129452156,357.5860390332587,119.77848101265822,348.67356028186333,25
11,Continental Europe,2431.182926541274,2328.678664855434,129.0692124105012,2302.1137141307727,26
11,Hindu,1499.102798780865,1431.3744348789858,66.04072398190046,1433.0620747989644,21
11,Islamic,894.3339061211515,826.5640473135277,126.52032520325203,767.8135809178995,31
11,Japanese,258.8528206631012,206.16730915135867,50.47533632286996,208.37748434023126,12
11,Other Civilizations,420.45951472948053,355.9908647505037,104.59615384615385,315.86336088332666,21
11,Other Western,506.28699146960946,436.92563008462565,57.16981132075472,449.11718014885474,15
11,Sinic,3660.169525640458,3531.0337766718353,112.34408602150538,3547.8254396189523,24
11,United States,1253.8065021793086,1159.0171225030676,132.49329758713137,1121.3132045921773,28
12,Anglosphere ex-US,741.5851041042516,673.2209466774152,119.77848101265822,621.8066230915935,25
12,Continental Europe,1148.0701291648677,981.0136920947397,129.0692124105012,1019.0009167543665,26
12,Hindu,1497.5607379514909,1441.9047710787927,66.04072398190046,1431.5200139695903,21
12,Islamic,896.0060862573552,845.3504668042597,126.52032520325203,769.4857610541031,31
12,Japanese,260.16453407395466,187.5400287348759,50.47533632286996,209.6891977510847,12
12,Other Civilizations,420.8318751271717,356.5133280367318,104.59615384615385,316.23572128101785,21
12,Other Western,516.5693467799039,448.2186589833169,57.16981132075472,459.39953545914915,15
12,Sinic,847.1156039490992,775.8766636565754,112.34408602150538,734.7715179275938,24
12,United States,587.2014974333387,484.98303972110824,132.49329758713137,454.7081998462073,28
13,Anglosphere ex-US,764.7684695900991,707.0911668856525,119.77848101265822,644.989988577441,25
13,Continental Europe,901.3962596737656,821.6165733444138,129.0692124105012,772.3270472632644,26
13,Hindu,1500.2751285460818,1365.6556817248888,66.04072398190046,1434.2344045641812,21
13,Islamic,894.2615482426507,826.7538921824952,126.52032520325203,767.7412230393987,31
13,Japanese,203.90992595009232,151.0902769431118,50.47533632286996,153.43458962722235,12
13,Other Civilizations,267.2185661678696,231.69890415299776,104.59615384615385,162.62241232171573,21
13,Other Western,515.257642940058,415.44556881980776,57.16981132075472,458.08783161930324,15
13,Sinic,3648.7588874777916,3563.9785811218753,112.34408602150538,3536.414801456286,24
13,United States,809.246334894069,723.6875687900502,132.49329758713137,676.7530373069377,28
14,Anglosphere ex-US,758.3980052446955,562.0130167411713,119.77848101265822,638.6195242320373,25
14,Continental Europe,1163.1305475476918,1083.8857144232898,129.0692124105012,1034.0613351371906,26
14,Hindu,1494.0411707513897,1436.1632349339627,66.04072398190046,1428.0004467694891,21
14,Islamic,894.5553282301703,831.5733557625174,126.52032520325203,768.0350030269183,31
14,Japanese,337.90662438378456,277.2734206654166,50.47533632286996,287.4312880609146,12
14,Other Civilizations,887.7427779014126,833.7143820677344,104.59615384615385,783.1466240552588,21
14,Other Western,508.49501193392683,420.4764669537682,57.16981132075472,451.3252006131721,15
14,Sinic,1780.6680080343897,1706.088277866075,112.34408602150538,1668.3239220128844,24
14,United States,493.0242355794382,424.6164546373499,132.49329758713137,360.5309379923068,28
15,Anglosphere ex-US,482.8811153448211,396.3454423933378,119.77848101265822,363.1026343321629,25
15,Continental Europe,609.2528307063355,531.7375667160089,129.0692124105012,480.1836182958343,26
15,Hindu,1498.9765643437868,1431.739209770385,66.04072398190046,1432.9358403618862,21
15,Islamic,896.6515874062832,818.5892786708326,126.52032520325203,770.1312622030312,31
15,Japanese,170.09113351012869,91.15701450766471,50.47533632286996,119.61579718725872,12
15,Other Civilizations,894.7711774559048,835.2367983713211,104.59615384615385,790.175023609751,21
15,Other Western,511.9015874400836,454.43743635827985,57.16981132075472,454.73177611932886,15
15,Sinic,1163.7068979952837,1054.5915386664967,112.34408602150538,1051.3628119737784,24
15,United States,579.193140266055,484.9539330173547,132.49329758713137,446.6998426789237,28
16,Anglosphere ex-US,743.7347005389723,682.1730414700824,119.77848101265822,623.9562195263142,25
16,Continental Europe,893.613208918717,765.7723187768526,129.0692124105012,764.5439965082157,26
16,Hindu,1491.2294557724135,1433.233771257428,66.04072398190046,1425.188731790513,21
16,Islamic,894.9385336992615,810.707276306466,126.52032520325203,768.4182084960095,31
16,Japanese,170.99709043648863,108.31495954015317,50.47533632286996,120.52175411361867,12
16,Other Civilizations,896.7064111229175,834.505819453341,104.59615384615385,792.1102572767637,21
16,Other Western,517.3999909608644,437.27945419662495,57.16981132075472,460.2301796401097,15
16,Sinic,835.73836597002,748.0247205590625,112.34408602150538,723.3942799485146,24
16,United States,1257.6329204721394,1181.2140099709181,132.49329758713137,1125.139622885008,28
17,Anglosphere ex-US,1576.26856697383,1509.1195257994723,119.77848101265822,1456.4900859611719,25
17,Continental Europe,912.6208673965483,774.9490934484601,129.0692124105012,783.5516549860471,26
17,Hindu,1502.2278968002881,1383.6013241485687,66.04072398190046,1436.1871728183876,21
17,Islamic,882.7575200411028,774.740308825478,126.52032520325203,756.2371948378508,31
17,Japanese,337.4329397812253,260.96296715522334,50.47533632286996,286.9576034583553,12
17,Other Civilizations,893.5509485699802,818.2977111103608,104.59615384615385,788.9547947238264,21
17,Other Western,515.3784523687923,402.24214117564856,57.16981132075472,458.2086410480376,15
17,Sinic,1148.6220258072349,1095.599938188254,112.34408602150538,1036.2779397857296,24
17,United States,504.79928174484155,419.4989623262717,132.49329758713137,372.3059841577102,28
18,Anglosphere ex-US,467.7431591844896,332.2976634791108,119.77848101265822,347.9646781718314,25
18,Continental Europe,904.1404796583012,787.9232602692717,129.0692124105012,775.0712672477999,26
18,Hindu,1499.8427878614973,1381.111896502897,66.04072398190046,1433.8020638795967,21
18,Islamic,889.7265829418079,826.7889838729591,126.52032520325203,763.2062577385559,31
18,Japanese,336.14502862083,266.80975860147305,50.47533632286996,285.66969229796,12
18,Other Civilizations,191.6312232058749,147.71966201058723,104.59615384615385,87.03506935972105,21
18,Other Western,516.1925156100427,374.3894242336482,57.16981132075472,459.022704289288,15
18,Sinic,1789.5792562982488,1717.6322203664831,112.34408602150538,1677.2351702767435,24
18,United States,1278.922465747282,1174.7739953896698,132.49329758713137,1146.4291681601508,28
19,Anglosphere ex-US,743.6625606459874,636.2683482145358,119.77848101265822,623.8840796333292,25
19,Continental Europe,1585.9705197434014,1510.8480104076584,129.0692124105012,1456.9013073329002,26
19,Hindu,1492.5122410064212,1440.8959889951457,66.04072398190046,1426.4715170245206,21
19,Islamic,900.1371181460706,803.9022639056786,126.52032520325203,773.6167929428186,31
19,Japanese,263.80767609179935,177.80273600255714,50.47533632286996,213.3323397689294,12
19,Other Civilizations,428.9527992970324,370.11960488894204,104.59615384615385,324.35664545087855,21
19,Other Western,514.747544840671,426.77682557299596,57.16981132075472,457.5777335199163,15
19,Sinic,3650.938945120089,3469.8711704832554,112.34408602150538,3538.5948590985836,24
19,United States,677.6403013535935,585.3058253543711,132.49329758713137,545.1470037664621,28
20,Anglosphere ex-US,1585.3447966248784,1472.3011750520513,119.77848101265822,1465.5663156122203,25
20,Continental Europe,2403.9812097287595,2266.709946723227,129.0692124105012,2274.9119973182583,26
20,Hindu,1499.419941866988,1424.6044004506264,66.04072398190046,1433.3792178850874,21
20,Islamic,887.946931619586,843.4141094480685,126.52032520325203,761.426606416334,31
20,Japanese,262.8995230217698,186.130902136555,50.47533632286996,212.42418669889986,12
20,Other Civilizations,416.10746054535707,387.986828022472,104.59615384615385,311.5113066992032,21
20,Other Western,514.3911702986845,376.14036896195273,57.16981132075472,457.2213589779298,15
20,Sinic,834.9207363328046,754.2464140486877,112.34408602150538,722.5766503112992,24
20,United States,1701.7321454423443,1619.394120577591,132.49329758713137,1569.238847855213,28
21,Anglosphere ex-US,1585.580583385416,1425.5399643203496,119.77848101265822,1465.8021023727579,25
21,Continental Europe,914.8145119154167,817.3720582447328,129.0692124105012,785.7452995049155,26
21,Hindu,1496.5744612589754,1423.1071329471904,66.04072398190046,1430.5337372770748,21
21,Islamic,895.865063811616,679.0685888199699,126.52032520325203,769.344738608364,31
21,Japanese,468.3601482197779,376.9110584950478,50.47533632286996,417.88481189690793,12
21,Other Civilizations,887.6019358330556,846.2078516818632,104.59615384615385,783.0057819869018,21
21,Other Western,517.7620939872152,410.8383778222417,57.16981132075472,460.59228266646045,15
21,Sinic,3654.4276594718667,3578.97237582993,112.34408602150538,3542.083573450361,24
21,United States,500.07157281646704,413.07845070489384,132.49329758713137,367.57827522933565,28
22,Anglosphere ex-US,1595.785837984769,1467.78601647249,119.77848101265822,1476.0073569721108,25
22,Continental Europe,1575.3142630105192,1485.7044367209987,129.0692124105012,1446.245050600018,26
22,Hindu,1495.0422426678251,1446.4113340163783,66.04072398190046,1429.0015186859246,21
22,Islamic,895.416588137067,846.1715478758592,126.52032520325203,768.896262933815,31
22,Japanese,169.33688512575952,108.17210146484851,50.47533632286996,118.86154880288956,12
22,Other Civilizations,888.451685645253,851.5291601271144,104.59615384615385,783.8555317990991,21
22,Other Western,510.0895237204454,445.0599099706148,57.16981132075472,452.9197123996907,15
22,Sinic,1771.1684876866113,1700.0954728037063,112.34408602150538,1658.824401665106,24
22,United States,1258.3728481245707,1147.2919372637527,132.49329758713137,1125.8795505374394,28
23,Anglosphere ex-US,1579.2470828533476,1426.7263188549714,119.77848101265822,1459.4686018406894,25
23,Continental Europe,1556.838173202269,1452.3975967281515,129.0692124105012,1427.7689607917678,26
23,Hindu,1498.3190828325116,1407.6579636097083,66.04072398190046,1432.278358850611,21
23,Islamic,892.2057455854994,807.802901632224,126.52032520325203,765.6854203822473,31
23,Japanese,468.47283206787165,401.87969017475393,50.47533632286996,417.9974957450017,12
23,Other Civilizations,882.3614427714948,837.0798827025758,104.59615384615385,777.765288925341,21
23,Other Western,512.854144677086,402.6743618187541,57.16981132075472,455.68433335633125,15
23,Sinic,1785.1706276314992,1670.7578488906333,112.34408602150538,1672.826541609994,24
23,United States,544.7657153991572,463.6596731973291,132.49329758713137,412.2724178120259,28
24,Anglosphere ex-US,759.3496369989509,671.2851605566816,119.77848101265822,639.5711559862928,25
24,Continental Europe,2427.563069586343,2324.764566078553,129.0692124105012,2298.4938571758416,26
24,Hindu,1492.0697249711131,1429.357048146937,66.04072398190046,1426.0290009892126,21
24,Islamic,887.8397363171257,846.2260440735256,126.52032520325203,761.3194111138737,31
24,Japanese,71.26677797159557,39.58552617035346,50.47533632286996,20.791441648725616,12
24,Other Civilizations,407.87143998389695,349.12422421569073,104.59615384615385,303.2752861377431,21
24,Other Western,514.3882847219157,443.3956583431281,57.16981132075472,457.218473401161,15
24,Sinic,1154.5134052970047,1085.623076809896,112.34408602150538,1042.1693192754994,24
24,United States,999.6590143605891,905.5324152400767,132.49329758713137,867.1657167734578,28
25,Anglosphere ex-US,481.1583263003361,294.5072753602493,119.77848101265822,361.3798452876779,25
25,Continental Europe,729.056992914863,641.6322539107824,129.0692124105012,599.9877805043618,26
25,Hindu,1499.652109225461,1430.0562782316888,66.04072398190046,1433.6113852435603,21
25,Islamic,895.7217012348312,655.1613237579749,126.52032520325203,769.2013760315792,31
25,Japanese,170.28310086462466,113.03131609116235,50.47533632286996,119.8077645417547,12
25,Other Civilizations,885.8843926355512,832.270277056167,104.59615384615385,781.2882387893974,21
25,Other Western,505.6157330620451,472.0556771676689,57.16981132075472,448.44592174129036,15
25,Sinic,1786.772877310899,1705.9193325563335,112.34408602150538,1674.4287912893938,24
25,United States,688.5857546071834,601.212762336685,132.49329758713137,556.092457020052,28
26,Anglosphere ex-US,748.5299700878861,653.8577482276207,119.77848101265822,628.7514890752279,25
26,Continental Europe,1172.5464575653064,1045.288167604925,129.0692124105012,1043.4772451548051,26
26,Hindu,1494.3095083632754,1429.7053887849431,66.04072398190046,1428.2687843813749,21
26,Islamic,884.9121834618817,812.7278646441243,126.52032520325203,758.3918582586297,31
26,Japanese,262.4446403779347,173.0246262742733,50.47533632286996,211.96930405506475,12
26,Other Civilizations,418.9098737365424,364.6340744506262,104.59615384615385,314.31371989038854,21
26,Other Western,515.3524066045438,448.19960770832137,57.16981132075472,458.1825952837891,15
26,Sinic,1787.8592169887697,1699.526734060558,112.34408602150538,1675.5151309672644,24
26,United States,1262.1075204637623,1205.8993956047184,132.49329758713137,1129.614222876631,28
27,Anglosphere ex-US,743.6625606459874,636.2683482145358,119.77848101265822,623.8840796333292,25
27,Continental Europe,2444.3174578608246,2318.888776967382,129.0692124105012,2315.2482454503233,26
27,Hindu,1494.3200821389778,1440.1018963875645,66.04072398190046,1428.2793581570772,21
27,Islamic,891.0562864158749,828.8796332005285,126.52032520325203,764.5359612126229,31
27,Japanese,169.08465232536355,93.44450703048763,50.47533632286996,118.60931600249359,12
27,Other Civilizations,431.2460872272923,344.23335586265335,104.59615384615385,326.64993338113845,21
27,Other Western,510.988774830407,453.24015217984083,57.16981132075472,453.8189635096523,15
27,Sinic,843.6881320888616,785.7475058183402,112.34408602150538,731.3440460673562,24
27,United States,1257.7788730480838,1186.2789677297571,132.49329758713137,1125.2855754609525,28
28,Anglosphere ex-US,1599.1372152925687,1284.0780927387525,119.77848101265822,1479.3587342799105,25
28,Continental Europe,2429.0632573969588,2351.670241856115,129.0692124105012,2299.9940449864575,26
28,Hindu,1499.2924455341818,1419.1307345372063,66.04072398190046,1433.2517215522812,21
28,Islamic,890.970029059059,824.4407451349559,126.52032520325203,764.449703855807,31
28,Japanese,471.0928455007006,388.43457542114527,50.47533632286996,420.61750917783064,12
28,Other Civilizations,270.2332338395735,229.3784745914434,104.59615384615385,165.6370799934196,21
28,Other Western,511.75605931825635,464.0744380061526,57.16981132075472,454.58624799750163,15
28,Sinic,3654.6102719170976,3534.039450921857,112.34408602150538,3542.266185895592,24
28,United States,819.656732919004,700.717831275641,132.49329758713137,687.1634353318726,28
29,Anglosphere ex-US,757.7399453171375,705.9560991115054,119.77848101265822,637.9614643044794,25
29,Continental Europe,1578.0667801880234,1425.0815161829546,129.0692124105012,1448.9975677775221,26
29,Hindu,1497.320024467791,1413.531056861143,66.04072398190046,1431.2793004858904,21
29,Islamic,894.6439531667671,844.273938949005,126.52032520325203,768.1236279635151,31
29,Japanese,257.9835597417016,202.03136966588679,50.47533632286996,207.50822341883162,12
29,Other Civilizations,427.08219984459714,334.9761610202409,104.59615384615385,322.4860459984433,21
29,Other Western,514.5315664015526,374.8567806192898,57.16981132075472,457.3617550807979,15
29,Sinic,3648.681418921491,3562.759739119615,112.34408602150538,3536.3373328999855,24
29,United States,999.8019598973002,922.6327545783904,132.49329758713137,867.3086623101689,28
30,Anglosphere ex-US,759.5715344981442,601.6730295922939,119.77848101265822,639.793053485486,25
30,Continental Europe,1577.5652048731472,1479.6854155560814,129.0692124105012,1448.495992462646,26
30,Hindu,1498.987628382466,1420.8075645663478,66.04072398190046,1432.9469044005655,21
30,Islamic,891.1107281055754,803.3212126247632,126.52032520325203,764.5904029023234,31
30,Japanese,171.53009309992606,114.63065835264022,50.47533632286996,121.0547567770561,12
30,Other Civilizations,425.46205582497305,376.6405858117335,104.59615384615385,320.8659019788192,21
30,Other Western,510.06641370261144,365.46541426352013,57.16981132075472,452.8966023818567,15
30,Sinic,3634.0548046685326,3551.356920183455,112.34408602150538,3521.710718647027,24
30,United States,2633.1283706117506,2545.5381391945093,132.49329758713137,2500.635073024619,28
31,Anglosphere ex-US,1592.9057693886084,1452.48851765719,119.77848101265822,1473.1272883759502,25
31,Continental Europe,1576.4345699154403,1496.9066597777364,129.0692124105012,1447.365357504939,26
31,Hindu,1496.1712940864134,1443.1178608949665,66.04072398190046,1430.1305701045128,21
31,Islamic,896.2427718389531,827.7502617347936,126.52032520325203,769.7224466357011,31
31,Japanese,261.7124504670954,137.5188354071372,50.47533632286996,211.23711414422542,12
31,Other Civilizations,425.61652888696307,373.71202567615705,104.59615384615385,321.0203750408092,21
31,Other Western,518.3975639480369,412.1795221216047,57.16981132075472,461.2277526272822,15
31,Sinic,1783.5795428439312,1701.061302571229,112.34408602150538,1671.235456822426,24
31,United States,678.9223831889818,597.0348971698055,132.49329758713137,546.4290856018505,28
32,Anglosphere ex-US,467.80616321672073,366.6473165283788,119.77848101265822,348.0276822040625,25
32,Continental Europe,1521.6871213960005,1422.4670664960554,129.0692124105012,1392.6179089854993,26
32,Hindu,1495.6098239300393,1422.7196478945998,66.04072398190046,1429.5690999481387,21
32,Islamic,887.5770865763656,845.0060991617678,126.52032520325203,761.0567613731135,31
32,Japanese,208.70126996957782,148.8373966908555,50.47533632286996,158.22593364670786,12
32,Other Civilizations,194.16823156805128,155.05631430023436,104.59615384615385,89.57207772189743,21
32,Other Western,511.5602841893449,436.5372963933148,57.16981132075472,454.39047286859017,15
32,Sinic,3651.4657379284126,3577.6064989104248,112.34408602150538,3539.121651906907,24
32,United States,965.3120805707176,884.5994285519466,132.49329758713137,832.8187829835863,28
33,Anglosphere ex-US,743.9527642591086,619.4066087318799,119.77848101265822,624.1742832464504,25
33,Continental Europe,1163.085916518955,1063.8378173030674,129.0692124105012,1034.0167041084537,26
33,Hindu,1499.2362415954792,1425.891022045812,66.04072398190046,1433.1955176135787,21
33,Islamic,895.9881128441501,835.0162978322264,126.52032520325203,769.4677876408981,31
33,Japanese,201.54321753211343,120.45999150479682,50.47533632286996,151.06788120924347,12
33,Other Civilizations,425.56213267635326,375.172544946074,104.59615384615385,320.9659788301994,21
33,Other Western,513.0913242029078,428.74202854052805,57.16981132075472,455.9215128821531,15
33,Sinic,1784.6144724812898,1714.9390713704963,112.34408602150538,1672.2703864597845,24
33,United States,771.2319677412826,694.3810180659275,132.49329758713137,638.7386701541512,28
34,Anglosphere ex-US,259.6801329332831,140.06990934612634,119.77848101265822,139.9016519206249,25
34,Continental Europe,1558.3765673628466,1464.3679308771827,129.0692124105012,1429.3073549523453,26
34,Hindu,1498.3773714099393,1419.4217200122082,66.04072398190046,1432.3366474280388,21
34,Islamic,895.5076059627831,768.161912905862,126.52032520325203,768.9872807595311,31
34,Japanese,162.41621315171687,117.34623048915033,50.47533632286996,111.94087682884691,12
34,Other Civilizations,257.8706932951311,215.7872912580246,104.59615384615385,153.27453944897724,21
34,Other Western,512.8654276208288,402.37351891779235,57.16981132075472,455.69561630007405,15
34,Sinic,1784.9166760363378,1677.626461716358,112.34408602150538,1672.5725900148325,24
34,United States,662.7325308028919,572.4279462294809,132.49329758713137,530.2392332157606,28
35,Anglosphere ex-US,447.64447411794305,408.45438563565403,119.77848101265822,327.8659931052848,25
35,Continental Europe,4966.414245446787,4851.106476596435,129.0692124105012,4837.345033036287,26
35,Hindu,1495.709068787508,1434.8246606036212,66.04072398190046,1429.6683448056074,21
35,Islamic,893.6026641704327,800.4005687223834,126.52032520325203,767.0823389671807,31
35,Japanese,209.303909101246,151.06672055640078,50.47533632286996,158.82857277837604,12
35,Other Civilizations,264.6269038057209,224.8064116918931,104.59615384615385,160.030749959567,21
35,Other Western,515.1004241276796,443.0943321997221,57.16981132075472,457.9306128069249,15
35,Sinic,3648.91838829683,3579.024234401025,112.34408602150538,3536.5743022753245,24
35,United States,995.2502179958342,913.1318672338845,132.49329758713137,862.7569204087029,28
36,Anglosphere ex-US,730.05516723848,592.5823378146787,119.77848101265822,610.2766862258218,25
36,Continental Europe,1170.445603439344,1073.987739655175,129.0692124105012,1041.3763910288428,26
36,Hindu,1494.4343987888014,1442.6695300627584,66.04072398190046,1428.393674806901,21
36,Islamic,897.5286429466756,799.8366387904482,126.52032520325203,771.0083177434236,31
36,Japanese,201.65400859949708,144.81842385336836,50.47533632286996,151.1786722766271,12
36,Other Civilizations,423.5816582436754,374.21622608310787,104.59615384615385,318.98550439752154,21
36,Other Western,507.9726578858024,430.6253576771646,57.16981132075472,450.8028465650477,15
36,Sinic,1782.858047233831,1690.9080480634932,112.34408602150538,1670.5139612123257,24
36,United States,660.7985333387186,587.9825152013098,132.49329758713137,528.3052357515872,28
37,Anglosphere ex-US,1575.2514413930703,1466.5937007928935,119.77848101265822,1455.4729603804121,25
37,Continental Europe,2420.929892384897,2327.5368384254643,129.0692124105012,2291.8606799743957,26
37,Hindu,1445.2347282106102,1345.1373519568126,66.04072398190046,1379.1940042287097,21
37,Islamic,893.2745342417519,781.3644488479646,126.52032520325203,766.7542090384999,31
37,Japanese,162.84756859199837,110.4978281714683,50.47533632286996,112.3722322691284,12
37,Other Civilizations,885.5569483497077,803.6823768918512,104.59615384615385,780.9607945035539,21
37,Other Western,512.7605042004028,471.22600288150227,57.16981132075472,455.5906928796481,15
37,Sinic,1782.1768952798925,1690.2847041860548,112.34408602150538,1669.8328092583872,24
37,United States,673.7361517162431,585.3501745350804,132.49329758713137,541.2428541291117,28
38,Anglosphere ex-US,463.45247322661146,397.80389830024467,119.77848101265822,343.6739922139532,25
38,Continental Europe,895.0375691990923,822.2669443089476,129.0692124105012,765.9683567885911,26
38,Hindu,1501.6461138042687,1414.4097596677864,66.04072398190046,1435.6053898223681,21
38,Islamic,890.0569639628781,804.2788603412951,126.52032520325203,763.536638759626,31
38,Japanese,339.55788485135344,256.9686504889972,50.47533632286996,289.08254852848347,12
38,Other Civilizations,889.335355750329,821.5325679730038,104.59615384615385,784.7392019041752,21
38,Other Western,517.5616716474765,374.079835541366,57.16981132075472,460.39186032672177,15
38,Sinic,1788.750268572267,1673.9004468254593,112.34408602150538,1676.4061825507617,24
38,United States,674.6140167741895,581.0064700719242,132.49329758713137,542.1207191870582,28
39,Anglosphere ex-US,748.7754908133609,553.3150184068891,119.77848101265822,628.9970098007027,25
39,Continental Europe,907.9305938871012,813.7033925709065,129.0692124105012,778.8613814766,26
39,Hindu,1498.1912884289022,1437.1860247723534,66.04072398190046,1432.1505644470017,21
39,Islamic,895.1478155160582,821.4022122380524,126.52032520325203,768.6274903128062,31
39,Japanese,262.00410402842385,185.83857243620724,50.47533632286996,211.5287677055539,12
39,Other Civilizations,268.0672670513593,215.50629343795472,104.59615384615385,163.47111320520543,21
39,Other Western,514.2753847856684,428.59648568506253,57.16981132075472,457.1055734649137,15
39,Sinic,1780.044065347628,1698.8877242988067,112.34408602150538,1667.6999793261227,24
39,United States,585.3635239505851,501.88661296685797,132.49329758713137,452.87022636345375,28
40,Anglosphere ex-US,467.55901009518607,405.59421395836387,119.77848101265822,347.78052908252783,25
40,Continental Europe,1174.2193150350115,1026.4102454106119,129.0692124105012,1045.1501026245103,26
40,Hindu,1500.5215618668528,1388.7975347187307,66.04072398190046,1434.4808378849523,21
40,Islamic,886.7012268024844,833.4853940851445,126.52032520325203,760.1809015992324,31
40,Japanese,339.5666002000006,262.51313838508963,50.47533632286996,289.09126387713064,12
40,Other Civilizations,892.0731002529893,833.675259703701,104.59615384615385,787.4769464068355,21
40,Other Western,510.8350474666016,463.9439914719622,57.16981132075472,453.6652361458469,15
40,Sinic,1786.0103694654608,1653.8278404887665,112.34408602150538,1673.6662834439555,24
40,United States,765.9275852493918,707.1316312960583,132.49329758713137,633.4342876622604,28
41,Anglosphere ex-US,1595.0748383237094,1507.4765024110102,119.77848101265822,1475.2963573110512,25
41,Continental Europe,921.4721018106612,812.8022819473763,129.0692124105012,792.40288940016,26
41,Hindu,1494.228295961076,1444.0602746022832,66.04072398190046,1428.1875719791753,21
41,Islamic,893.8037863876003,836.7632365548192,126.52032520325203,767.2834611843483,31
41,Japanese,168.90438904564317,120.75165979804359,50.47533632286996,118.4290527227732,12
41,Other Civilizations,273.8783328057263,223.91760824366955,104.59615384615385,169.28217895957243,21
41,Other Western,514.8055308059962,364.35803504671594,57.16981132075472,457.6357194852415,15
41,Sinic,3651.738400385428,3589.2219072041753,112.34408602150538,3539.3943143639226,24
41,United States,379.7539603070475,302.29656214918583,132.49329758713137,247.26066271991616,28
42,Anglosphere ex-US,464.4070062454118,292.2283121391112,119.77848101265822,344.6285252327536,25
42,Continental Europe,735.5680634159653,636.517234762105,129.0692124105012,606.4988510054641,26
42,Hindu,1500.6270747429414,1404.1310642594751,66.04072398190046,1434.5863507610409,21
42,Islamic,894.638239380488,769.7631821698154,126.52032520325203,768.117914177236,31
42,Japanese,258.7749878965606,152.91681186028154,50.47533632286996,208.29965157369065,12
42,Other Civilizations,187.7323469018474,151.20111513741386,104.59615384615385,83.13619305569354,21
42,Other Western,517.1958117674625,443.34888033293953,57.16981132075472,460.02600044670777,15
42,Sinic,840.7380851402698,759.7318059821736,112.34408602150538,728.3939991187644,24
42,United States,785.4421538266174,696.0289730783463,132.49329758713137,652.9488562394861,28
43,Anglosphere ex-US,754.958742818778,556.4621447273266,119.77848101265822,635.1802618061198,25
43,Continental Europe,4961.162498171442,4847.267869700675,129.0692124105012,4832.093285760941,26
43,Hindu,1502.148951360673,1424.146184441276,66.04072398190046,1436.1082273787724,21
43,Islamic,893.9116660133,813.8739174753576,126.52032520325203,767.391340810048,31
43,Japanese,257.9389159502278,207.74386916561195,50.47533632286996,207.46357962735783,12
43,Other Civilizations,890.9254584426383,830.9246938085593,104.59615384615385,786.3293045964845,21
43,Other Western,504.50844884705293,462.31162015190836,57.16981132075472,447.3386375262982,15
43,Sinic,3649.5728067119408,3581.154936134647,112.34408602150538,3537.2287206904352,24
43,United States,2631.7939710427963,2545.218137567707,132.49329758713137,2499.3006734556648,28
44,Anglosphere ex-US,1586.741986095477,1513.7146495185473,119.77848101265822,1466.9635050828188,25
44,Continental Europe,1159.0684265722484,1052.4340576363422,129.0692124105012,1029.9992141617472,26
44,Hindu,1498.1104766218534,1427.679753331524,66.04072398190046,1432.0697526399529,21
44,Islamic,892.5502455273988,850.3263237763551,126.52032520325203,766.0299203241468,31
44,Japanese,82.62715103769064,37.29433615354365,50.47533632286996,32.15181471482068,12
44,Other Civilizations,267.78167511399846,233.33945733572614,104.59615384615385,163.1855212678446,21
44,Other Western,510.923374362835,429.0592016382817,57.16981132075472,453.75356304208026,15
44,Sinic,846.6766825571567,779.7212803609802,112.34408602150538,734.3325965356513,24
44,United States,503.32727879312165,436.0136588396239,132.49329758713137,370.8339812059903,28
45,Anglosphere ex-US,1563.4455248250863,1507.9607466222988,119.77848101265822,1443.6670438124281,25
45,Continental Europe,4938.849477567852,4837.634076146662,129.0692124105012,4809.780265157351,26
45,Hindu,1498.4353511645675,1417.4116518482037,66.04072398190046,1432.394627182667,21
45,Islamic,889.4279226583373,845.7101388372365,126.52032520325203,762.9075974550852,31
45,Japanese,204.49464029299642,145.83739669087402,50.47533632286996,154.01930397012646,12
45,Other Civilizations,887.5125077329593,782.6448026279213,104.59615384615385,782.9163538868055,21
45,Other Western,518.9407208970192,373.8578668016783,57.16981132075472,461.7709095762645,15
45,Sinic,3654.1952907906775,3565.3612506491518,112.34408602150538,3541.851204769172,24
45,United States,635.9495312968708,555.3842346500138,132.49329758713137,503.4562337097394,28
46,Anglosphere ex-US,1583.6456651602102,1488.2837036211765,119.77848101265822,1463.867184147552,25
46,Continental Europe,2433.960385697155,2351.1744235716283,129.0692124105012,2304.8911732866536,26
46,Hindu,1493.2950404313722,1437.575200153374,66.04072398190046,1427.2543164494716,21
46,Islamic,890.5657115196808,747.4012926722897,126.52032520325203,764.0453863164288,31
46,Japanese,255.95011501084713,206.03731308518093,50.47533632286996,205.47477868797716,12
46,Other Civilizations,272.3282698976699,235.80081990131794,104.59615384615385,167.73211605151602,21
46,Other Western,508.11975980185287,476.83471582767527,57.16981132075472,450.94994848109815,15
46,Sinic,1155.246958843623,1032.5212466643593,112.34408602150538,1042.9028728221176,24
46,United States,963.4958847046812,892.2947533638602,132.49329758713137,831.0025871175499,28
47,Anglosphere ex-US,480.1451591021106,322.2310775573901,119.77848101265822,360.36667808945236,25
47,Continental Europe,1150.0787596735543,1086.2067191298704,129.0692124105012,1021.009547263053,26
47,Hindu,1493.9426524236708,1438.5855519707166,66.04072398190046,1427.9019284417702,21
47,Islamic,894.4961844826119,831.6740210336493,126.52032520325203,767.9758592793598,31
47,Japanese,261.3688446126928,158.60771640106887,50.47533632286996,210.89350828982282,12
47,Other Civilizations,420.27375399480627,370.5922356042137,104.59615384615385,315.6776001486524,21
47,Other Western,500.27149962250047,446.4629404489966,57.16981132075472,443.10168830174575,15
47,Sinic,1784.549899070365,1702.528523724124,112.34408602150538,1672.2058130488597,24
47,United States,813.4317550899856,732.3597799342712,132.49329758713137,680.9384575028542,28
48,Anglosphere ex-US,1583.8828841885152,1482.7257786189616,119.77848101265822,1464.104403175857,25
48,Continental Europe,1157.8641928319805,1079.4963485186631,129.0692124105012,1028.7949804214793,26
48,Hindu,1500.3839712130577,1427.2465533722423,66.04072398190046,1434.3432472311572,21
48,Islamic,890.5538784273568,828.2608187973542,126.52032520325203,764.0335532241048,31
48,Japanese,258.703931089488,196.23063096790767,50.47533632286996,208.22859476661802,12
48,Other Civilizations,888.9339670237612,822.7945460858715,104.59615384615385,784.3378131776074,21
48,Other Western,513.9795560744869,453.60279404177396,57.16981132075472,456.8097447537322,15
48,Sinic,3647.665882106346,3580.7323779970625,112.34408602150538,3535.3217960848406,24
48,United States,686.247038141273,606.6934872094289,132.49329758713137,553.7537405541417,28
49,Anglosphere ex-US,1579.464186373572,1405.179964912433,119.77848101265822,1459.6857053609137,25
49,Continental Europe,617.9003192445977,529.658153834981,129.0692124105012,488.83110683409643,26
49,Hindu,1496.2732781607303,1418.1152547855904,66.04072398190046,1430.2325541788298,21
49,Islamic,894.7361781282701,821.438545891773,126.52032520325203,768.2158529250181,31
49,Japanese,130.75077229183526,95.31789532481058,50.47533632286996,80.2754359689653,12
49,Other Civilizations,881.5591474701397,797.5641900711578,104.59615384615385,776.9629936239859,21
49,Other Western,515.986281207316,449.49054186625403,57.16981132075472,458.81646988656126,15
49,Sinic,1161.1741721708543,1070.918153519118,112.34408602150538,1048.830086149349,24
49,United States,580.8823462172362,483.9862951848828,132.49329758713137,448.38904863010487,28
50,Anglosphere ex-US,478.642145687963,312.867784360026,119.77848101265822,358.8636646753048,25
50,Continental Europe,895.9688160840408,785.5559254294651,129.0692124105012,766.8996036735396,26
50,Hindu,1499.6413823416979,1382.94854713906,66.04072398190046,1433.6006583597973,21
50,Islamic,890.9271614435464,844.4148784481151,126.52032520325203,764.4068362402944,31
50,Japanese,169.31904355614466,118.6721413693318,50.47533632286996,118.8437072332747,12
50,Other Civilizations,192.14837837099122,158.50281605744135,104.59615384615385,87.55222452483737,21
50,Other Western,515.5401994738866,362.32194259669023,57.16981132075472,458.37038815313184,15
50,Sinic,3652.539189742002,3573.752157604784,112.34408602150538,3540.1951037204963,24
50,United States,1271.8277600387698,1186.6485695689103,132.49329758713137,1139.3344624516385,28
51,Anglosphere ex-US,719.993148243037,559.1390034349313,119.77848101265822,600.2146672303788,25
51,Continental Europe,1174.0917809322164,1039.6432759139918,129.0692124105012,1045.0225685217151,26
51,Hindu,1498.4698257706054,1353.8191049346394,66.04072398190046,1432.4291017887049,21
51,Islamic,892.0355936265519,782.6093118020661,126.52032520325203,765.5152684232999,31
51,Japanese,257.0980432080682,205.03235910716273,50.47533632286996,206.62270688519823,12
51,Other Civilizations,888.6419153912323,818.9750234571053,104.59615384615385,784.0457615450784,21
51,Other Western,515.0477435245436,436.89251763445964,57.16981132075472,457.87793220378893,15
51,Sinic,1771.332907884282,1654.3040589151497,112.34408602150538,1658.9888218627766,24
51,United States,807.7062048395151,714.7028705110292,132.49329758713137,675.2129072523837,28
52,Anglosphere ex-US,341.03695092198143,292.7258481390569,119.77848101265822,221.2584699093232,25
52,Continental Europe,902.2591241432449,791.9823550451632,129.0692124105012,773.1899117327437,26
52,Hindu,1497.4088303198691,1429.6756562248574,66.04072398190046,1431.3681063379686,21
52,Islamic,884.3129448189917,813.7526026578269,126.52032520325203,757.7926196157397,31
52,Japanese,144.34084643878816,76.30866630979646,50.47533632286996,93.8655101159182,12
52,Other Civilizations,411.2837342749213,366.0665655074349,104.59615384615385,306.68758042876743,21
52,Other Western,511.98727522659914,460.8924764485079,57.16981132075472,454.8174639058444,15
52,Sinic,1774.1674453411033,1688.2668983018361,112.34408602150538,1661.823359319598,24
52,United States,954.9804347027172,870.3838604831169,132.49329758713137,822.4871371155858,28
53,Anglosphere ex-US,1563.4514463390788,1447.5330069681918,119.77848101265822,1443.6729653264206,25
53,Continental Europe,909.4143658196801,800.3801500637894,129.0692124105012,780.3451534091789,26
53,Hindu,1493.4588848590497,1427.0590888559466,66.04072398190046,1427.4181608771491,21
53,Islamic,886.0484404076841,820.1467245266745,126.52032520325203,759.5281152044321,31
53,Japanese,259.5778111017528,201.40541174410822,50.47533632286996,209.10247477888282,12
53,Other Civilizations,265.2868561792849,232.21367528728516,104.59615384615385,160.69070233313101,21
53,Other Western,512.9735019049845,437.55238263329534,57.16981132075472,455.80369058422974,15
53,Sinic,3657.599081555025,3529.9254391087766,112.34408602150538,3545.2549955335194,24
53,United States,1257.7894193678933,1176.9018486332136,132.49329758713137,1125.296121780762,28
54,Anglosphere ex-US,1593.0391021308712,1468.2028118219316,119.77848101265822,1473.260621118213,25
54,Continental Europe,2430.9225986524593,2308.1329373419226,129.0692124105012,2301.853386241958,26
54,Hindu,1495.2215962806301,1432.0757814226858,66.04072398190046,1429.1808722987296,21
54,Islamic,888.3220920397339,830.8555589513049,126.52032520325203,761.8017668364819,31
54,Japanese,116.1050577246456,57.422161837792515,50.47533632286996,65.62972140177564,12
54,Other Civilizations,430.90429974228175,289.13796738178144,104.59615384615385,326.3081458961279,21
54,Other Western,513.1582339965048,389.8108365051623,57.16981132075472,455.9884226757501,15
54,Sinic,1784.8654861293007,1702.5956670272358,112.34408602150538,1672.5214001077954,24
54,United States,651.0490488801548,593.6555465582926,132.49329758713137,518.5557512930235,28
55,Anglosphere ex-US,755.4559478896288,653.5900986080271,119.77848101265822,635.6774668769706,25
55,Continental Europe,748.6514903725152,641.3431612434522,129.0692124105012,619.582277962014,26
55,Hindu,1500.0020668954626,1412.3053688418913,66.04072398190046,1433.961342913562,21
55,Islamic,898.5768966990273,829.5390187721766,126.52032520325203,772.0565714957753,31
55,Japanese,99.77713967931179,52.66858099742091,50.47533632286996,49.30180335644183,12
55,Other Civilizations,896.7971147407803,843.4902984246,104.59615384615385,792.2009608946265,21
55,Other Western,513.8680008097915,426.6364834731082,57.16981132075472,456.6981894890368,15
55,Sinic,3642.2286989395793,3517.6252471330527,112.34408602150538,3529.884612918074,24
55,United States,791.2877849280836,700.5204777286448,132.49329758713137,658.7944873409523,28
56,Anglosphere ex-US,748.7751193093645,625.6145097007003,119.77848101265822,628.9966382967064,25
56,Continental Europe,1596.2563240614163,1496.5731069928906,129.0692124105012,1467.187111650915,26
56,Hindu,1497.9748622158882,1423.4783597823787,66.04072398190046,1431.9341382339876,21
56,Islamic,891.0469531594574,825.7137272585375,126.52032520325203,764.5266279562054,31
56,Japanese,140.84333043832035,97.29652509102216,50.47533632286996,90.36799411545039,12
56,Other Civilizations,264.80077836913745,224.84348992560012,104.59615384615385,160.20462452298358,21
56,Other Western,511.5959471384507,467.3638980305917,57.16981132075472,454.426135817696,15
56,Sinic,1158.6340284597989,1058.8769681231938,112.34408602150538,1046.2899424382936,24
56,United States,806.2222109967774,732.3348922519406,132.49329758713137,673.7289134096461,28
57,Anglosphere ex-US,472.97174728363007,329.7935785419084,119.77848101265822,353.19326627097183,25
57,Continental Europe,1047.4410404611176,961.240411972094,129.0692124105012,918.3718280506164,26
57,Hindu,1496.512983341728,1412.5104324946708,66.04072398190046,1430.4722593598274,21
57,Islamic,893.7856366391449,828.7922570387422,126.52032520325203,767.2653114358928,31
57,Japanese,145.4484965718293,93.99690178732432,50.47533632286996,94.97316024895935,12
57,Other Civilizations,421.9554599120496,341.5275382970462,104.59615384615385,317.35930606589574,21
57,Other Western,515.6803310797628,350.5686805049495,57.16981132075472,458.5105197590081,15
57,Sinic,3653.412262703169,3578.510011691028,112.34408602150538,3541.0681766816633,24
57,United States,563.4638565994985,484.3417680898718,132.49329758713137,430.9705590123672,28
58,Anglosphere ex-US,1592.0831493776247,1510.585135057351,119.77848101265822,1472.3046683649666,25
58,Continental Europe,727.2290166734831,637.6430413927761,129.0692124105012,598.1598042629819,26
58,Hindu,1497.7850899312234,1425.3328822475262,66.04072398190046,1431.7443659493229,21
58,Islamic,892.6996238941442,837.679131200816,126.52032520325203,766.1792986908922,31
58,Japanese,258.28543478318255,195.90704548725355,50.47533632286996,207.8100984603126,12
58,Other Civilizations,423.48632658827074,360.60077024164775,104.59615384615385,318.8901727421169,21
58,Other Western,515.4192880727969,426.556695451183,57.16981132075472,458.2494767520422,15
58,Sinic,1780.1325169511965,1684.9837641769695,112.34408602150538,1667.7884309296912,24
58,United States,671.6149545726163,588.3544203296732,132.49329758713137,539.121656985485,28
59,Anglosphere ex-US,475.67871323903205,374.06542610066043,119.77848101265822,355.9002322263738,25
59,Continental Europe,1126.9257106421155,1031.6691161197002,129.0692124105012,997.8564982316143,26
59,Hindu,1500.4210948866407,1416.5840874392227,66.04072398190046,1434.3803709047402,21
59,Islamic,887.4362675841102,848.7985723731695,126.52032520325203,760.9159423808582,31
59,Japanese,98.72428108752675,50.57449702725637,50.47533632286996,48.24894476465679,12
59,Other Civilizations,270.1488845508251,220.6972962792697,104.59615384615385,165.5527307046712,21
59,Other Western,515.4177218920383,419.27478597925995,57.16981132075472,458.2479105712836,15
59,Sinic,1776.5441034851142,1699.6838522950065,112.34408602150538,1664.200017463609,24
59,United States,452.0222402042027,372.4063659139941,132.49329758713137,319.5289426170714,28
60,Anglosphere ex-US,1558.147330038768,1407.4556900054695,119.77848101265822,1438.3688490261097,25
60,Continental Europe,1144.6494687847776,1025.8859979963652,129.0692124105012,1015.5802563742764,26
60,Hindu,1498.8152984257665,1425.888190276817,66.04072398190046,1432.774574443866,21
60,Islamic,894.0146870897362,850.6362085555124,126.52032520325203,767.4943618864842,31
60,Japanese,210.16805286086503,143.07392578681834,50.47533632286996,159.69271653799507,12
60,Other Civilizations,193.19918680441992,154.68691553109286,104.59615384615385,88.60303295826607,21
60,Other Western,508.9366510917387,418.5802310937977,57.16981132075472,451.766839770984,15
60,Sinic,1774.6238186232476,1714.0456753188373,112.34408602150538,1662.2797326017424,24
60,United States,684.7161929305972,547.8279192981564,132.49329758713137,552.2228953434659,28
61,Anglosphere ex-US,760.5452500834634,614.4294382049884,119.77848101265822,640.7667690708053,25
61,Continental Europe,904.2663267941599,805.9485728997904,129.0692124105012,775.1971143836587,26
61,Hindu,1498.9776366279941,1410.0985909019241,66.04072398190046,1432.9369126460936,21
61,Islamic,886.8030550406513,850.6857774056909,126.52032520325203,760.2827298373993,31
61,Japanese,102.87956622163968,58.31314092546633,50.47533632286996,52.40422989876972,12
61,Other Civilizations,270.5775665489824,225.16523674992447,104.59615384615385,165.98141270282855,21
61,Other Western,516.9493968754347,362.15159751744454,57.16981132075472,459.77958555467995,15
61,Sinic,849.9882480590607,753.4558540968593,112.34408602150538,737.6441620375552,24
61,United States,979.9075087871732,904.3301428974993,132.49329758713137,847.4142112000419,28
62,Anglosphere ex-US,333.6543211920269,259.63141527675265,119.77848101265822,213.87584017936865,25
62,Continental Europe,1166.0901570113945,1015.3442828445046,129.0692124105012,1037.0209446008932,26
62,Hindu,1496.9920066403733,1423.4898986811447,66.04072398190046,1430.9512826584728,21
62,Islamic,894.7275144841392,827.0594710845106,126.52032520325203,768.2071892808872,31
62,Japanese,324.33597042955586,253.262690841291,50.47533632286996,273.8606341066859,12
62,Other Civilizations,425.0649057010032,342.7579259984688,104.59615384615385,320.46875185484936,21
62,Other Western,507.6743244122406,453.3288781031566,57.16981132075472,450.5045130914859,15
62,Sinic,3653.854577217156,3539.138720356306,112.34408602150538,3541.5104911956505,24
62,United States,371.8127641722049,289.4273354412722,132.49329758713137,239.3194665850735,28
63,Anglosphere ex-US,764.6459963444504,700.025997054514,119.77848101265822,644.8675153317922,25
63,Continental Europe,1150.757265001725,1078.5908485429622,129.0692124105012,1021.6880525912238,26
63,Hindu,1502.4679111818025,1407.9489335074043,66.04072398190046,1436.427187199902,21
63,Islamic,888.6525239547276,849.6080345442732,126.52032520325203,762.1321987514756,31
63,Japanese,169.6133886063987,114.71951330548553,50.47533632286996,119.13805228352874,12
63,Other Civilizations,897.5811313641402,808.0772438435326,104.59615384615385,792.9849775179864,21
63,Other Western,513.4611893336278,365.8552159769469,57.16981132075472,456.29137801287305,15
63,Sinic,3658.4574432049544,3540.5971394346566,112.34408602150538,3546.113357183449,24
63,United States,5347.510353942814,5277.020309650948,132.49329758713137,5215.017056355682,28
64,Anglosphere ex-US,1594.3049548706572,1453.3310325543864,119.77848101265822,1474.526473857999,25
64,Continental Europe,1587.099299789796,1474.4151835457594,129.0692124105012,1458.0300873792949,26
64,Hindu,1498.739066497383,1422.541948054717,66.04072398190046,1432.6983425154824,21
64,Islamic,886.0495098161811,834.7069626307172,126.52032520325203,759.529184612929,31
64,Japanese,206.23256769635265,146.03490336054222,50.47533632286996,155.75723137348268,12
64,Other Civilizations,430.3808186400589,354.63344196396554,104.59615384615385,325.78466479390505,21
64,Other Western,511.9259350742078,418.68963771149413,57.16981132075472,454.7561237534531,15
64,Sinic,3658.098329469147,3535.84283036745,112.34408602150538,3545.7542434476413,24
64,United States,672.1649784553562,571.2884947776499,132.49329758713137,539.6716808682248,28
65,Anglosphere ex-US,327.2334086504135,223.4431308298265,119.77848101265822,207.45492763775525,25
65,Continental Europe,909.8441548832357,810.8626182710292,129.0692124105012,780.7749424727344,26
65,Hindu,1498.0734026371804,1416.8250859404557,66.04072398190046,1432.0326786552798,21
65,Islamic,889.931531814481,850.5172246120845,126.52032520325203,763.411206611229,31
65,Japanese,167.29332525747836,107.80870506174378,50.47533632286996,116.8179889346084,12
65,Other Civilizations,416.965653299709,369.44413723413396,104.59615384615385,312.36949945355514,21
65,Other Western,508.0820987655659,374.14583201485095,57.16981132075472,450.91228744481117,15
65,Sinic,3648.895591432233,3571.8548060173666,112.34408602150538,3536.5515054107273,24
65,United States,498.8640381029303,413.2578323427695,132.49329758713137,366.37074051579896,28
66,Anglosphere ex-US,749.8160355737438,564.730993454489,119.77848101265822,630.0375545610856,25
66,Continental Europe,1161.7140091825606,1061.3709754408274,129.0692124105012,1032.6447967720594,26
66,Hindu,1496.289418628335,1432.4063064759757,66.04072398190046,1430.2486946464344,21
66,Islamic,892.1668440314247,853.5513104316291,126.52032520325203,765.6465188281727,31
66,Japanese,170.90018577189244,107.85404442756922,50.47533632286996,120.42484944902247,12
66,Other Civilizations,428.5405807385186,379.58841618654316,104.59615384615385,323.94442689236473,21
66,Other Western,512.6566937417435,444.4546270996268,57.16981132075472,455.4868824209888,15
66,Sinic,1781.19292235744,1669.637767760501,112.34408602150538,1668.8488363359347,24
66,United States,799.422502211284,707.4234860535637,132.49329758713137,666.9292046241527,28
67,Anglosphere ex-US,1579.9141348744238,1483.2702928050783,119.77848101265822,1460.1356538617656,25
67,Continental Europe,1588.9394359894332,1480.735470823178,129.0692124105012,1459.870223578932,26
67,Hindu,1496.0944192222476,1440.414948988531,66.04072398190046,1430.053695240347,21
67,Islamic,888.7548906840788,854.8616645256019,126.52032520325203,762.2345654808267,31
67,Japanese,165.00821986512238,112.28174485945397,50.47533632286996,114.53288354225242,12
67,Other Civilizations,271.72987079769877,228.94624910229626,104.59615384615385,167.1337169515449,21
67,Other Western,514.1419661281316,353.98548155420673,57.16981132075472,456.97215480737685,15
67,Sinic,3646.2651344693663,3513.3903626655783,112.34408602150538,3533.921048447861,24
67,United States,790.1587311410402,709.8201389969543,132.49329758713137,657.6654335539089,28
68,Anglosphere ex-US,737.0750509300441,680.7952874063648,119.77848101265822,617.2965699173859,25
68,Continental Europe,1593.9601433613298,1498.7845594163625,129.0692124105012,1464.8909309508285,26
68,Hindu,1493.7013080079366,1440.3240905965924,66.04072398190046,1427.660584026036,21
68,Islamic,888.480742366332,845.3152823721896,126.52032520325203,761.96041716308,31
68,Japanese,259.3378785445254,202.3783450245148,50.47533632286996,208.86254222165542,12
68,Other Civilizations,271.5619624274534,231.950202271179,104.59615384615385,166.96580858129954,21
68,Other Western,516.1925156100427,374.3894242336482,57.16981132075472,459.022704289288,15
68,Sinic,1159.2790978765283,1086.3971468118614,112.34408602150538,1046.935011855023,24
68,United States,806.8416552339784,750.852359505914,132.49329758713137,674.348357646847,28
69,Anglosphere ex-US,347.9362818997768,255.5566285714484,119.77848101265822,228.15780088711858,25
69,Continental Europe,1147.1255060078795,1074.9670115813074,129.0692124105012,1018.0562935973783,26
69,Hindu,1493.6555193675406,1438.7586316937914,66.04072398190046,1427.61479538564,21
69,Islamic,892.6179451021942,827.2881824529139,126.52032520325203,766.0976198989422,31
69,Japanese,163.76188774730946,112.22070181707517,50.47533632286996,113.2865514244395,12
69,Other Civilizations,267.77603203204114,211.62150319102903,104.59615384615385,163.17987818588728,21
69,Other Western,512.7170496519402,436.58719086753115,57.16981132075472,455.5472383311855,15
69,Sinic,1150.071151757806,1061.5219706497692,112.34408602150538,1037.7270657363008,24
69,United States,425.44073070752813,343.7395961044252,132.49329758713137,292.9474331203968,28
70,Anglosphere ex-US,248.44636326963433,198.8388722742389,119.77848101265822,128.6678822569761,25
70,Continental Europe,1167.3761707283995,1083.6857219773979,129.0692124105012,1038.3069583178983,26
70,Hindu,1494.607811875097,1437.594831770785,66.04072398190046,1428.5670878931965,21
70,Islamic,890.7960233023583,838.8445676160338,126.52032520325203,764.2756980991063,31
70,Japanese,206.0177387856351,152.8302378654999,50.47533632286996,155.54240246276512,12
70,Other Civilizations,265.7549545597262,240.00606026259916,104.59615384615385,161.1588007135723,21
70,Other Western,515.2580469080041,363.81209469053636,57.16981132075472,458.08823558724936,15
70,Sinic,1154.7040419391976,1080.3810643670568,112.34408602150538,1042.3599559176923,24
70,United States,434.08709763559466,321.6448014492617,132.49329758713137,301.5938000484633,28
71,Anglosphere ex-US,759.687699351519,641.6519246539252,119.77848101265822,639.9092183388608,25
71,Continental Europe,740.5950495050055,601.8840373685382,129.0692124105012,611.5258370945043,26
71,Hindu,1497.6934187376737,1418.8444661932112,66.04072398190046,1431.6526947557732,21
71,Islamic,896.4025346258135,839.0720151893954,126.52032520325203,769.8822094225615,31
71,Japanese,336.08357834162666,266.86875950104957,50.47533632286996,285.6082420187567,12
71,Other Civilizations,893.8388814857129,796.6752315393928,104.59615384615385,789.2427276395591,21
71,Other Western,516.405036545968,427.95896996026937,57.16981132075472,459.23522522521324,15
71,Sinic,1785.1003424434216,1689.6805829053778,112.34408602150538,1672.7562564219163,24
71,United States,801.948840139614,704.4733369022649,132.49329758713137,669.4555425524827,28
72,Anglosphere ex-US,455.1854129956041,366.8660900163558,119.77848101265822,335.4069319829459,25
72,Continental Europe,736.4159867041867,646.5275742235219,129.0692124105012,607.3467742936855,26
72,Hindu,1498.1202848959292,1403.0585621478103,66.04072398190046,1432.0795609140287,21
72,Islamic,893.7082699635259,835.6884349017165,126.52032520325203,767.1879447602739,31
72,Japanese,469.0455239054241,383.57244836495227,50.47533632286996,418.5701875825541,12
72,Other Civilizations,420.64968544633217,384.4932101110184,104.59615384615385,316.0535316001783,21
72,Other Western,513.8335827978816,419.9266228786798,57.16981132075472,456.6637714771269,15
72,Sinic,839.1233515204138,757.157852342695,112.34408602150538,726.7792654989084,24
72,United States,796.8621244727573,727.7858366794528,132.49329758713137,664.3688268856259,28
73,Anglosphere ex-US,336.6415635265181,206.73053137012258,119.77848101265822,216.86308251385987,25
73,Continental Europe,1168.4114343820982,1079.17759914134,129.0692124105012,1039.342221971597,26
73,Hindu,1498.1517439759489,1428.8895551127046,66.04072398190046,1432.1110199940483,21
73,Islamic,889.6655842391633,845.7572261438357,126.52032520325203,763.1452590359113,31
73,Japanese,156.4843629685046,108.07412820446909,50.47533632286996,106.00902664563463,12
73,Other Civilizations,268.65649488781656,236.93138327983644,104.59615384615385,164.0603410416627,21
73,Other Western,513.7500593215375,355.58868892976193,57.16981132075472,456.5802480007828,15
73,Sinic,1781.6185816563818,1668.3770061994112,112.34408602150538,1669.2744956348765,24
73,United States,1692.6297600413407,1614.579948769111,132.49329758713137,1560.1364624542093,28
74,Anglosphere ex-US,735.6281464222102,519.8605580081207,119.77848101265822,615.849665409552,25
74,Continental Europe,1574.5385820415415,1483.0298537643102,129.0692124105012,1445.4693696310403,26
74,Hindu,1493.3976273946103,1435.4650505905736,66.04072398190046,1427.3569034127097,21
74,Islamic,887.5276095460347,818.8609065956504,126.52032520325203,761.0072843427827,31
74,Japanese,175.29965664459866,100.55521946852072,50.47533632286996,124.82432032172869,12
74,Other Civilizations,419.64458720577915,369.86201009078576,104.59615384615385,315.0484333596253,21
74,Other Western,509.2802281156723,444.50354242760756,57.16981132075472,452.11041679491757,15
74,Sinic,1777.9318056715715,1695.5799179804112,112.34408602150538,1665.5877196500662,24
74,United States,664.6229863026883,576.728937753796,132.49329758713137,532.129688715557,28
75,Anglosphere ex-US,461.835730235092,337.4670337285483,119.77848101265822,342.05724922243377,25
75,Continental Europe,915.055829412421,832.9864394994004,129.0692124105012,785.9866170019197,26
75,Hindu,1498.3596847111803,1429.8015440251525,66.04072398190046,1432.3189607292798,21
75,Islamic,889.2409703115989,841.5592700002587,126.52032520325203,762.7206451083468,31
75,Japanese,200.62945683174496,143.08392880346548,50.47533632286996,150.154120508875,12
75,Other Civilizations,267.3006653286732,227.21528479592806,104.59615384615385,162.7045114825193,21
75,Other Western,516.8388230631458,442.3553435295552,57.16981132075472,459.6690117423911,15
75,Sinic,3658.0478433856965,3558.1398796012263,112.34408602150538,3545.703757364191,24
75,United States,1264.9995547741219,1174.4191589040677,132.49329758713137,1132.5062571869905,28
76,Anglosphere ex-US,758.6582969813463,701.8494429442301,119.77848101265822,638.8798159686881,25
76,Continental Europe,902.531610470106,818.1488659092248,129.0692124105012,773.4623980596048,26
76,Hindu,1494.9934279438419,1434.5658195801852,66.04072398190046,1428.9527039619413,21
76,Islamic,890.1639001639412,839.0829437244435,126.52032520325203,763.6435749606892,31
76,Japanese,335.0748919944125,180.00381659606788,50.47533632286996,284.59955567154253,12
76,Other Civilizations,429.9665615916319,377.748104583278,104.59615384615385,325.370407745478,21
76,Other Western,513.9469301608672,465.03359414596525,57.16981132075472,456.77711884011245,15
76,Sinic,3643.3113020487617,3466.342571815897,112.34408602150538,3530.967216027256,24
76,United States,1705.6854083083952,1630.1620341632984,132.49329758713137,1573.1921107212638,28
77,Anglosphere ex-US,475.66485857737746,394.4227399197865,119.77848101265822,355.8863775647192,25
77,Continental Europe,2425.9956196830244,2345.771636415232,129.0692124105012,2296.926407272523,26
77,Hindu,1499.81490532615,1423.6799565592503,66.04072398190046,1433.7741813442494,21
77,Islamic,892.2936493383061,793.4972587572732,126.52032520325203,765.773324135054,31
77,Japanese,170.8045499204352,116.92745455116572,50.47533632286996,120.32921359756523,12
77,Other Civilizations,428.0179982281241,368.06380218728634,104.59615384615385,323.42184438197023,21
77,Other Western,515.2463700209182,466.2285893653066,57.16981132075472,458.0765587001635,15
77,Sinic,1168.3882450571682,1065.8531348153672,112.34408602150538,1056.044159035663,24
77,United States,569.726529605845,478.0651673489516,132.49329758713137,437.2332320187137,28
78,Anglosphere ex-US,1592.3575946642798,1461.320659572672,119.77848101265822,1472.5791136516216,25
78,Continental Europe,1149.4054252783408,1015.3417435452111,129.0692124105012,1020.3362128678395,26
78,Hindu,1497.0055873756148,1422.5525276036396,66.04072398190046,1430.9648633937143,21
78,Islamic,894.8782640633522,811.9497198973477,126.52032520325203,768.3579388601001,31
78,Japanese,258.0271327289328,199.4688408373185,50.47533632286996,207.55179640606286,12
78,Other Civilizations,260.6969300664914,210.39783312524182,104.59615384615385,156.10077622033754,21
78,Other Western,518.0938450106621,426.20045262250767,57.16981132075472,460.9240336899074,15
78,Sinic,1161.231361571896,1077.822276999317,112.34408602150538,1048.8872755503908,24
78,United States,1238.3660911562538,1167.7670691626297,132.49329758713137,1105.8727935691225,28
79,Anglosphere ex-US,336.0108138997974,252.65198144971532,119.77848101265822,216.2323328871392,25
79,Continental Europe,1585.648159431327,1462.4049209298773,129.0692124105012,1456.5789470208258,26
79,Hindu,1499.5949980947162,1393.0403677575819,66.04072398190046,1433.5542741128156,21
79,Islamic,888.6129588295628,799.882379690812,126.52032520325203,762.0926336263108,31
79,Japanese,178.40064211101674,107.9764128673039,50.47533632286996,127.92530578814677,12
79,Other Civilizations,422.2289406972986,373.8700567154435,104.59615384615385,317.6327868511447,21
79,Other Western,512.3314457545862,445.64269787068037,57.16981132075472,455.16163443383147,15
79,Sinic,3649.0642267602448,3583.6632183435945,112.34408602150538,3536.7201407387392,24
79,United States,1271.9085350557596,1168.2900018317223,132.49329758713137,1139.4152374686282,28
80,Anglosphere ex-US,167.74501973413203,99.23362413210081,119.77848101265822,47.96653872147381,25
80,Continental Europe,2427.4187879419687,2354.6182446451053,129.0692124105012,2298.3495755314675,26
80,Hindu,1495.7348857372942,1419.6522704073902,66.04072398190046,1429.6941617553937,21
80,Islamic,893.6242676064887,824.8654850459762,126.52032520325203,767.1039424032367,31
80,Japanese,260.24291356542653,154.9467277378406,50.47533632286996,209.76757724255657,12
80,Other Civilizations,419.8628397342095,378.3450714417093,104.59615384615385,315.26668588805563,21
80,Other Western,514.0031203527371,375.1340145014085,57.16981132075472,456.8333090319824,15
80,Sinic,3663.2343253046747,3551.6790784342443,112.34408602150538,3550.890239283169,24
80,United States,1695.0784948301753,1597.7110929250314,132.49329758713137,1562.585197243044,28
81,Anglosphere ex-US,719.102069469956,648.2363444082808,119.77848101265822,599.3235884572978,25
81,Continental Europe,734.3269540770045,604.7982074906433,129.0692124105012,605.2577416665033,26
81,Hindu,1492.110142166658,1440.6111615303892,66.04072398190046,1426.0694181847575,21
81,Islamic,891.5943693133537,832.4520249065171,126.52032520325203,765.0740441101017,31
81,Japanese,722.4293406743608,635.3779256291145,50.47533632286996,671.9540043514909,12
81,Other Civilizations,881.4569197518765,813.1237670709946,104.59615384615385,776.8607659057227,21
81,Other Western,517.7620939872152,410.8383778222417,57.16981132075472,460.59228266646045,15
81,Sinic,1786.9877442118432,1714.480220881387,112.34408602150538,1674.6436581903379,24
81,United States,503.654734238981,422.7735585686746,132.49329758713137,371.1614366518496,28
82,Anglosphere ex-US,765.2667180801989,626.9716215835274,119.77848101265822,645.4882370675407,25
82,Continental Europe,1163.568346360444,1051.0510733621722,129.0692124105012,1034.4991339499427,26
82,Hindu,1498.2334091932576,1404.4240609240599,66.04072398190046,1432.192685211357,21
82,Islamic,893.7718909950619,782.0907307253863,126.52032520325203,767.2515657918099,31
82,Japanese,341.51867733059123,255.3579652156567,50.47533632286996,291.04334100772127,12
82,Other Civilizations,893.1876301331356,821.9601205942159,104.59615384615385,788.5914762869818,21
82,Other Western,516.7845374037834,386.8041826092695,57.16981132075472,459.61472608302864,15
82,Sinic,1164.489529461426,1073.081156543869,112.34408602150538,1052.1454434399207,24
82,United States,445.1971435521091,364.9918608016332,132.49329758713137,312.70384596497775,28
83,Anglosphere ex-US,464.7972533693028,433.6624548721972,119.77848101265822,345.01877235664455,25
83,Continental Europe,1589.0707739311815,1491.3511116932568,129.0692124105012,1460.0015615206803,26
83,Hindu,1498.2409712758213,1405.3367975835356,66.04072398190046,1432.2002472939207,21
83,Islamic,892.4275401509287,737.8872127289343,126.52032520325203,765.9072149476767,31
83,Japanese,209.66213744858146,144.1378114664212,50.47533632286996,159.1868011257115,12
83,Other Civilizations,886.7346309375764,857.8225356510886,104.59615384615385,782.1384770914226,21
83,Other Western,515.1055163093131,454.02392618448465,57.16981132075472,457.93570498855837,15
83,Sinic,1789.0144848346313,1701.0417163322002,112.34408602150538,1676.670398813126,24
83,United States,993.6167635413224,902.805772149961,132.49329758713137,861.123465954191,28
84,Anglosphere ex-US,464.4872468954242,387.5746835035423,119.77848101265822,344.708765882766,25
84,Continental Europe,1170.4044763992713,1034.4640035609934,129.0692124105012,1041.33526398877,26
84,Hindu,1500.6040602630271,1392.3134006384369,66.04072398190046,1434.5633362811266,21
84,Islamic,890.2010818880212,787.7781869510719,126.52032520325203,763.6807566847692,31
84,Japanese,467.9955763308199,400.775908263422,50.47533632286996,417.52024000794995,12
84,Other Civilizations,892.8852713544293,761.1436661725392,104.59615384615385,788.2891175082755,21
84,Other Western,511.3339493454332,375.9769904194333,57.16981132075472,454.1641380246785,15
84,Sinic,1155.9595082369187,1092.3839690537752,112.34408602150538,1043.6154222154134,24
84,United States,800.3430083780643,685.5964590733113,132.49329758713137,667.8497107909329,28
85,Anglosphere ex-US,733.6975920534499,670.8359296283821,119.77848101265822,613.9191110407917,25
85,Continental Europe,1588.4315452122946,1481.3230359443137,129.0692124105012,1459.3623328017934,26
85,Hindu,1494.2591866395044,1441.5305930153079,66.04072398190046,1428.2184626576038,21
85,Islamic,891.88010926466,836.8602266107375,126.52032520325203,765.3597840614079,31
85,Japanese,212.79733519188488,132.33745703778663,50.47533632286996,162.32199886901492,12
85,Other Civilizations,415.8517033787433,371.9343796961572,104.59615384615385,311.25554953258944,21
85,Other Western,507.5182999752268,464.13620855747973,57.16981132075472,450.3484886544721,15
85,Sinic,1150.8907510843294,1039.1911593549767,112.34408602150538,1038.546665062824,24
85,United States,497.7134997687854,412.72731621186347,132.49329758713137,365.22020218165403,28
86,Anglosphere ex-US,478.6895294608373,351.517891020213,119.77848101265822,358.9110484481791,25
86,Continental Europe,1567.2975086904576,1497.2660199001105,129.0692124105012,1438.2282962799563,26
86,Hindu,1498.5881385626524,1398.1445165588914,66.04072398190046,1432.5474145807518,21
86,Islamic,881.0043393812286,825.7397981420941,126.52032520325203,754.4840141779766,31
86,Japanese,143.82988789566593,73.52799664531142,50.47533632286996,93.35455157279597,12
86,Other Civilizations,893.9363854315867,817.3811430273001,104.59615384615385,789.3402315854329,21
86,Other Western,510.962042568581,443.89178048959445,57.16981132075472,453.7922312478263,15
86,Sinic,1159.8058854287558,1076.6492438113498,112.34408602150538,1047.4617994072505,24
86,United States,488.89373103123756,411.91680396241816,132.49329758713137,356.40043344410617,28
87,Anglosphere ex-US,726.5129149761664,567.749147473632,119.77848101265822,606.7344339635082,25
87,Continental Europe,2411.9990014025307,2339.669597997241,129.0692124105012,2282.9297889920294,26
87,Hindu,1498.0455491988469,1434.1588807980063,66.04072398190046,1432.0048252169463,21
87,Islamic,897.7807522023381,823.2950033041568,126.52032520325203,771.2604269990861,31
87,Japanese,101.24381960671074,46.20836352071058,50.47533632286996,50.76848328384079,12
87,Other Civilizations,892.3790709689852,809.1057648295832,104.59615384615385,787.7829171228313,21
87,Other Western,511.080930394051,472.8783968297015,57.16981132075472,453.9111190732963,15
87,Sinic,3638.8668746351345,3535.259467505196,112.34408602150538,3526.522788613629,24
87,United States,962.5600088164339,879.8083008665119,132.49329758713137,830.0667112293025,28
88,Anglosphere ex-US,1577.4935478459938,1423.96587172745,119.77848101265822,1457.7150668333356,25
88,Continental Europe,2428.800219210093,2334.290327918481,129.0692124105012,2299.731006799592,26
88,Hindu,1497.3710203529067,1427.8399926214713,66.04072398190046,1431.3302963710062,21
88,Islamic,894.6737547022615,845.6639446400155,126.52032520325203,768.1534294990095,31
88,Japanese,93.64430022301207,48.69489640756727,50.47533632286996,43.16896390014211,12
88,Other Civilizations,424.98044935888254,385.52941443236574,104.59615384615385,320.38429551272867,21
88,Other Western,511.66782052715183,472.619419665901,57.16981132075472,454.4980092063971,15
88,Sinic,3650.0503488791005,3580.0901972296206,112.34408602150538,3537.706262857595,24
88,United States,1269.0102841567668,1208.2430777704856,132.49329758713137,1136.5169865696355,28
89,Anglosphere ex-US,479.48309661237937,395.82073222076514,119.77848101265822,359.70461559972114,25
89,Continental Europe,1151.024657492674,1044.0862813357228,129.0692124105012,1021.9554450821727,26
89,Hindu,1495.4515889251402,1443.3743754887494,66.04072398190046,1429.4108649432396,21
89,Islamic,893.0239125746236,824.6766849432032,126.52032520325203,766.5035873713716,31
89,Japanese,255.06165313393092,196.3997125787382,50.47533632286996,204.58631681106095,12
89,Other Civilizations,422.5727264164881,369.7538120142794,104.59615384615385,317.9765725703342,21
89,Other Western,515.939992783913,363.49973023116763,57.16981132075472,458.7701814631583,15
89,Sinic,1788.9050544179036,1713.4814255881504,112.34408602150538,1676.5609683963983,24
89,United States,983.5362895035558,895.6168586213387,132.49329758713137,851.0429919164245,28
90,Anglosphere ex-US,742.0221757209558,647.1309091716868,119.77848101265822,622.2436947082977,25
90,Continental Europe,1160.9144231053222,1078.9386750347069,129.0692124105012,1031.845210694821,26
90,Hindu,1496.9319415282205,1428.1191609568405,66.04072398190046,1430.89121754632,21
90,Islamic,898.6036467362928,808.8067785577879,126.52032520325203,772.0833215330408,31
90,Japanese,333.6828561645487,254.27190017678026,50.47533632286996,283.20751984167873,12
90,Other Civilizations,893.5752432249515,829.6766288835901,104.59615384615385,788.9790893787977,21
90,Other Western,516.2348628987514,454.49984217012326,57.16981132075472,459.0650515779967,15
90,Sinic,3657.5845891461167,3589.613967357488,112.34408602150538,3545.240503124611,24
90,United States,569.2653396911948,482.4381239755881,132.49329758713137,436.7720421040634,28
91,Anglosphere ex-US,1604.2448825009192,1465.0163218371724,119.77848101265822,1484.466401488261,25
91,Continental Europe,1585.1446313719762,1478.9415111442804,129.0692124105012,1456.075418961475,26
91,Hindu,1499.1324866585835,1392.151170270658,66.04072398190046,1433.091762676683,21
91,Islamic,896.3875232191411,745.3552341651013,126.52032520325203,769.8671980158891,31
91,Japanese,96.39821086183727,52.034720145779694,50.47533632286996,45.922874538967314,12
91,Other Civilizations,269.8586563416551,225.57248804254692,104.59615384615385,165.26250249550122,21
91,Other Western,511.7383782430238,391.33248121236335,57.16981132075472,454.5685669222691,15
91,Sinic,3645.99921339633,3565.491198490814,112.34408602150538,3533.6551273748246,24
91,United States,772.3141767896601,683.8487288555622,132.49329758713137,639.8208792025288,28
92,Anglosphere ex-US,763.3217560266645,658.8675727968341,119.77848101265822,643.5432750140063,25
92,Continental Europe,1561.7575479745183,1460.9086199013393,129.0692124105012,1432.688335564017,26
92,Hindu,1493.9298505122536,1430.908302764702,66.04072398190046,1427.889126530353,21
92,Islamic,897.2722158051221,797.6863860585245,126.52032520325203,770.7518906018701,31
92,Japanese,96.60761843764432,48.817065242894245,50.47533632286996,46.13228211477436,12
92,Other Civilizations,426.67413077199126,360.20133581026687,104.59615384615385,322.0779769258374,21
92,Other Western,515.2891163413611,469.3774994188602,57.16981132075472,458.1193050206064,15
92,Sinic,1156.6211827030274,1084.9070879207834,112.34408602150538,1044.2770966815222,24
92,United States,2639.3362985031767,2562.6141345188703,132.49329758713137,2506.843000916045,28
93,Anglosphere ex-US,1589.43709775065,1500.3077378558642,119.77848101265822,1469.658616737992,25
93,Continental Europe,894.700865279928,802.0141722769479,129.0692124105012,765.6316528694268,26
93,Hindu,1494.9795023922504,1443.393634963545,66.04072398190046,1428.9387784103499,21
93,Islamic,897.3941676740446,834.082495769984,126.52032520325203,770.8738424707926,31
93,Japanese,170.20756111156288,99.54347938289159,50.47533632286996,119.73222478869292,12
93,Other Civilizations,891.6326101167174,812.2741596443898,104.59615384615385,787.0364562705636,21
93,Other Western,505.85905622020255,423.2187994160153,57.16981132075472,448.68924489944783,15
93,Sinic,1156.3641320427216,1087.5681449553597,112.34408602150538,1044.0200460212163,24
93,United States,582.4704006478405,509.0009005030054,132.49329758713137,449.97710306070917,28
94,Anglosphere ex-US,470.94607665877834,352.6745816999457,119.77848101265822,351.1675956461201,25
94,Continental Europe,1577.0905842622258,1470.9606046798194,129.0692124105012,1448.0213718517246,26
94,Hindu,1493.9276617530493,1448.1443287200038,66.04072398190046,1427.8869377711487,21
94,Islamic,886.4578913934043,784.7853447930142,126.52032520325203,759.9375661901523,31
94,Japanese,252.0368572214362,195.87538204523872,50.47533632286996,201.56152089856624,12
94,Other Civilizations,426.4953812707727,367.9158631747207,104.59615384615385,321.89922742461886,21
94,Other Western,512.1617166836377,421.17808029020813,57.16981132075472,454.99190536288296,15
94,Sinic,3648.368020224136,3559.321448606041,112.34408602150538,3536.0239342026307,24
94,United States,987.7281446982041,871.9090429237667,132.49329758713137,855.2348471110728,28
95,Anglosphere ex-US,751.3694096995305,600.8495511082198,119.77848101265822,631.5909286868723,25
95,Continental Europe,1155.2051719601573,1004.9296802712303,129.0692124105012,1026.135959549656,26
95,Hindu,1499.9596395996216,1411.6313307982277,66.04072398190046,1433.918915617721,21
95,Islamic,900.9855165493711,796.3823304261726,126.52032520325203,774.4651913461191,31
95,Japanese,343.62370399671016,261.46872391032025,50.47533632286996,293.1483676738402,12
95,Other Civilizations,417.99620220052105,373.54572466484933,104.59615384615385,313.4000483543672,21
95,Other Western,516.1267244861139,436.71801485943666,57.16981132075472,458.95691316535914,15
95,Sinic,3659.253126343047,3581.44936498583,112.34408602150538,3546.9090403215414,24
95,United States,1251.3692983557132,1179.039938319995,132.49329758713137,1118.876000768582,28
96,Anglosphere ex-US,487.3252770467825,395.3327341811601,119.77848101265822,367.54679603412427,25
96,Continental Europe,1151.216354961681,1070.3146205426947,129.0692124105012,1022.1471425511797,26
96,Hindu,1456.5083289575439,1368.6822748472123,66.04072398190046,1390.4676049756433,21
96,Islamic,890.4928482431584,801.907478435915,126.52032520325203,763.9725230399064,31
96,Japanese,260.90713801466273,193.41145369594747,50.47533632286996,210.43180169179277,12
96,Other Civilizations,270.057656587126,226.90547176478154,104.59615384615385,165.46150274097215,21
96,Other Western,515.277900561275,434.4579216482981,57.16981132075472,458.1080892405203,15
96,Sinic,3647.890237477155,3587.020107616983,112.34408602150538,3535.5461514556496,24
96,United States,669.9537885147606,610.6567118857648,132.49329758713137,537.4604909276293,28
97,Anglosphere ex-US,1584.177396075408,1469.378226889603,119.77848101265822,1464.39891506275,25
97,Continental Europe,912.4597925571978,802.007605467609,129.0692124105012,783.3905801466966,26
97,Hindu,1499.5337811321215,1427.1179715324445,66.04072398190046,1433.493057150221,21
97,Islamic,889.8367015554745,831.9709501907538,126.52032520325203,763.3163763522225,31
97,Japanese,168.0721990000446,114.71282697550573,50.47533632286996,117.59686267717464,12
97,Other Civilizations,892.3280972657101,819.0572440430406,104.59615384615385,787.7319434195563,21
97,Other Western,512.6120907895242,390.07658753755453,57.16981132075472,455.4422794687695,15
97,Sinic,847.992548061607,780.1313503907487,112.34408602150538,735.6484620401015,24
97,United States,568.5784056314557,487.28602230772043,132.49329758713137,436.08510804432433,28
98,Anglosphere ex-US,1582.5099694758123,1508.0527417210094,119.77848101265822,1462.7314884631542,25
98,Continental Europe,736.0391475066231,651.4025163492277,129.0692124105012,606.9699350961218,26
98,Hindu,1495.9409519076826,1445.7217316765796,66.04072398190046,1429.900227925782,21
98,Islamic,897.2091445239732,801.5534064631366,126.52032520325203,770.6888193207212,31
98,Japanese,213.85224650385447,134.43563033219695,50.47533632286996,163.3769101809845,12
98,Other Civilizations,272.1783582504394,216.93420704169372,104.59615384615385,167.5822044042855,21
98,Other Western,508.1805157672458,421.1051782968092,57.16981132075472,451.0107044464911,15
98,Sinic,3655.1688323087806,3562.032044583751,112.34408602150538,3542.824746287275,24
98,United States,809.6028180826636,731.1343638628985,132.49329758713137,677.1095204955323,28
99,Anglosphere ex-US,761.766368744125,677.2016144987757,119.77848101265822,641.9878877314668,25
99,Continental Europe,2428.0355239585665,2292.2600290785863,129.0692124105012,2298.9663115480653,26
99,Hindu,1499.3153142194842,1407.5451407181238,66.04072398190046,1433.2745902375837,21
99,Islamic,886.9206558262574,814.4785863548962,126.52032520325203,760.4003306230054,31
99,Japanese,248.0954215326631,191.57974028827925,50.47533632286996,197.62008520979313,12
99,Other Civilizations,424.409840420347,381.319040844895,104.59615384615385,319.8136865741931,21
99,Other Western,508.4949363013696,464.70263705135716,57.16981132075472,451.3251249806149,15
99,Sinic,1781.4664328655192,1706.8095720139875,112.34408602150538,1669.122346844014,24
99,United States,1220.1944462339882,1133.4881244905382,132.49329758713137,1087.7011486468568,28
100,Anglosphere ex-US,747.9293392417876,581.3938314524102,119.77848101265822,628.1508582291294,25
100,Continental Europe,1142.659326923847,1052.7550642314277,129.0692124105012,1013.5901145133457,26
100,Hindu,1495.0029687516987,1417.3042268782337,66.04072398190046,1428.9622447697982,21
100,Islamic,898.5807956618752,817.9689337904322,126.52032520325203,772.0604704586232,31
100,Japanese,169.70669483268063,118.79576123219864,50.47533632286996,119.23135850981066,12
100,Other Civilizations,424.5295112144132,363.11883947042315,104.59615384615385,319.93335736825935,21
100,Other Western,513.416663937414,442.11690054443125,57.16981132075472,456.2468526166593,15
100,Sinic,3659.925160235681,3579.31122649011,112.34408602150538,3547.5810742141753,24
100,United States,668.530094746806,582.2676734433823,132.49329758713137,536.0367971596746,28
101,Anglosphere ex-US,490.0746976191955,374.3450980184044,119.77848101265822,370.29621660653726,25
101,Continental Europe,899.2877071121279,763.3578053068551,129.0692124105012,770.2184947016267,26
101,Hindu,1496.185300788291,1419.5485250734323,66.04072398190046,1430.1445768063904,21
101,Islamic,898.8802961071033,833.4494110467563,126.52032520325203,772.3599709038513,31
101,Japanese,167.69907862187722,108.32843902065524,50.47533632286996,117.22374229900726,12
101,Other Civilizations,882.0274767086834,828.933663760476,104.59615384615385,777.4313228625296,21
101,Other Western,514.563940703439,420.5752035697345,57.16981132075472,457.3941293826843,15
101,Sinic,3653.2812381108006,3559.712157998584,112.34408602150538,3540.937152089295,24
101,United States,1276.7039952009422,1203.2555713286206,132.49329758713137,1144.210697613811,28
102,Anglosphere ex-US,763.1159657023851,639.0634133524063,119.77848101265822,643.3374846897269,25
102,Continental Europe,4969.753074177577,4866.0458583390255,129.0692124105012,4840.683861767076,26
102,Hindu,1499.9241138371442,1411.405427584639,66.04072398190046,1433.8833898552436,21
102,Islamic,891.2236642094023,797.5459414436494,126.52032520325203,764.7033390061503,31
102,Japanese,169.79851186538122,103.73533867385258,50.47533632286996,119.32317554251125,12
102,Other Civilizations,890.3781690086047,859.549067892058,104.59615384615385,785.7820151624509,21
102,Other Western,513.0913242029078,428.74202854052805,57.16981132075472,455.9215128821531,15
102,Sinic,1789.9021702514667,1693.9873234651943,112.34408602150538,1677.5580842299614,24
102,United States,1720.5083312659347,1645.267300452701,132.49329758713137,1588.0150336788033,28
103,Anglosphere ex-US,1589.1476123484085,1312.1106276519708,119.77848101265822,1469.3691313357504,25
103,Continental Europe,1166.711536707375,1050.5521936259242,129.0692124105012,1037.6423242968738,26
103,Hindu,1498.9441047533196,1413.250476080305,66.04072398190046,1432.903380771419,21
103,Islamic,891.9630858674443,785.2916457765463,126.52032520325203,765.4427606641923,31
103,Japanese,254.7701983933657,200.13462109768517,50.47533632286996,204.29486207049572,12
103,Other Civilizations,267.755999186226,235.94268015477093,104.59615384615385,163.15984534007214,21
103,Other Western,515.8847884111349,374.0815078041392,57.16981132075472,458.71497709038016,15
103,Sinic,1781.6461618070323,1714.1736500845868,112.34408602150538,1669.302075785527,24
103,United States,489.7864315385739,399.34669460116595,132.49329758713137,357.29313395144254,28
104,Anglosphere ex-US,1575.2903939988644,1522.8610878949155,119.77848101265822,1455.5119129862062,25
104,Continental Europe,2436.453946595286,2343.000359020602,129.0692124105012,2307.384734184785,26
104,Hindu,1501.1855932937692,1359.461757067863,66.04072398190046,1435.1448693118687,21
104,Islamic,891.757538439652,828.451666980154,126.52032520325203,765.2372132364,31
104,Japanese,171.62343859816795,112.5427494982201,50.47533632286996,121.14810227529799,12
104,Other Civilizations,429.4338734689717,358.37145206732026,104.59615384615385,324.8377196228178,21
104,Other Western,513.5280302484595,403.12124661951475,57.16981132075472,456.35821892770474,15
104,Sinic,3658.617061355269,3548.755874914446,112.34408602150538,3546.2729753337635,24
104,United States,774.8002973144874,686.6146998565927,132.49329758713137,642.306999727356,28
105,Anglosphere ex-US,1577.8838666714178,1310.2352886306344,119.77848101265822,1458.1053856587596,25
105,Continental Europe,1162.0392615050182,1072.6364518636306,129.0692124105012,1032.970049094517,26
105,Hindu,1499.09009563565,1435.1588807977048,66.04072398190046,1433.0493716537494,21
105,Islamic,890.4711270742878,846.6652040246372,126.52032520325203,763.9508018710358,31
105,Japanese,259.29974177613235,210.53020650961153,50.47533632286996,208.8244054532624,12
105,Other Civilizations,883.4527796079404,777.6850794374755,104.59615384615385,778.8566257617866,21
105,Other Western,508.2727075210393,466.44933913380294,57.16981132075472,451.1028962002846,15
105,Sinic,3655.310759498178,3552.174619329994,112.34408602150538,3542.9666734766724,24
105,United States,795.5663700905384,710.3109992957848,132.49329758713137,663.073072503407,28
106,Anglosphere ex-US,1555.13650590487,1509.670987257916,119.77848101265822,1435.358024892212,25
106,Continental Europe,1589.1603995960925,1480.9264684688314,129.0692124105012,1460.0911871855913,26
106,Hindu,1495.3994897509997,1422.4422706227485,66.04072398190046,1429.3587657690991,21
106,Islamic,894.3810574811865,823.661968952986,126.52032520325203,767.8607322779345,31
106,Japanese,162.41087082768465,110.26346958588199,50.47533632286996,111.93553450481468,12
106,Other Civilizations,891.4525725759818,793.5883312209205,104.59615384615385,786.856418729828,21
106,Other Western,515.3850205998505,428.32060736098765,57.16981132075472,458.21520927909575,15
106,Sinic,1166.234361220219,1075.822601400311,112.34408602150538,1053.8902751987137,24
106,United States,995.834306272914,900.6346493179989,132.49329758713137,863.3410086857826,28
107,Anglosphere ex-US,764.0189216455208,705.7473012706903,119.77848101265822,644.2404406328626,25
107,Continental Europe,914.2840362689063,839.074118030476,129.0692124105012,785.2148238584051,26
107,Hindu,1503.6722331742353,1349.0431754960243,66.04072398190046,1437.6315091923348,21
107,Islamic,898.7935498295387,808.2192484706319,126.52032520325203,772.2732246262867,31
107,Japanese,204.39574479649644,130.11162253294665,50.47533632286996,153.92040847362648,12
107,Other Civilizations,424.72030034396994,348.08168707315036,104.59615384615385,320.12414649781607,21
107,Other Western,512.7531200437694,437.0089433366284,57.16981132075472,455.5833087230147,15
107,Sinic,3651.777796847066,3530.8914590088866,112.34408602150538,3539.4337108255604,24
107,United States,798.3969141990932,712.0985092961969,132.49329758713137,665.9036166119619,28
108,Anglosphere ex-US,751.6389971472909,666.9870706909174,119.77848101265822,631.8605161346327,25
108,Continental Europe,911.4618701272306,851.3785229085864,129.0692124105012,782.3926577167293,26
108,Hindu,1459.2477240736384,1391.6243506804763,66.04072398190046,1393.2070000917379,21
108,Islamic,894.7528451616191,845.1202448312788,126.52032520325203,768.2325199583671,31
108,Japanese,139.53636329785948,91.03941710560383,50.47533632286996,89.06102697498952,12
108,Other Civilizations,427.8264785718612,383.8237614940722,104.59615384615385,323.2303247257073,21
108,Other Western,510.552299051551,436.7829558984433,57.16981132075472,453.3824877307963,15
108,Sinic,3660.5363613493746,3462.041157873143,112.34408602150538,3548.192275327869,24
108,United States,560.7529591172365,476.53293506300633,132.49329758713137,428.2596615301052,28
109,Anglosphere ex-US,752.8006944469888,652.1447086221232,119.77848101265822,633.0222134343306,25
109,Continental Europe,2391.7998739243217,2286.724717998065,129.0692124105012,2262.7306615138205,26
109,Hindu,1496.380995057489,1405.5436782029803,66.04072398190046,1430.3402710755884,21
109,Islamic,884.3484190788267,830.092583157374,126.52032520325203,757.8280938755747,31
109,Japanese,264.19230134507353,169.87914801100823,50.47533632286996,213.71696502220357,12
109,Other Civilizations,270.5119944476347,234.40955318633695,104.59615384615385,165.91584060148085,21
109,Other Western,518.8012310102788,338.9921071768963,57.16981132075472,461.6314196895241,15
109,Sinic,1785.8025299564795,1707.9384396006817,112.34408602150538,1673.4584439349742,24
109,United States,945.3144436863167,878.0051926707528,132.49329758713137,812.8211460991854,28
110,Anglosphere ex-US,325.8792982456277,284.8573524442533,119.77848101265822,206.10081723296946,25
110,Continental Europe,727.0273498700177,639.9804762346586,129.0692124105012,597.9581374595165,26
110,Hindu,1499.8126909068912,1414.688175300485,66.04072398190046,1433.7719669249907,21
110,Islamic,894.2494944143406,772.1458341670798,126.52032520325203,767.7291692110886,31
110,Japanese,336.5031529646834,275.44150165556016,50.47533632286996,286.02781664181344,12
110,Other Civilizations,431.4999966830313,380.98634030999995,104.59615384615385,326.90384283687746,21
110,Other Western,509.6754703041558,419.7822449447916,57.16981132075472,452.5056589834011,15
110,Sinic,3633.210582020693,3535.712602591481,112.34408602150538,3520.8664959991875,24
110,United States,990.2911197125993,885.467061593915,132.49329758713137,857.797822125468,28
111,Anglosphere ex-US,1594.6615642355926,1485.3402510948715,119.77848101265822,1474.8830832229344,25
111,Continental Europe,879.5064032473823,766.6205411553681,129.0692124105012,750.4371908368811,26
111,Hindu,1498.4938934935533,1437.0066835491236,66.04072398190046,1432.4531695116527,21
111,Islamic,888.5884081481238,843.4410927873593,126.52032520325203,762.0680829448718,31
111,Japanese,262.85954042361374,187.10324320363046,50.47533632286996,212.38420410074377,12
111,Other Civilizations,423.607999354131,369.28631815419175,104.59615384615385,319.0118455079771,21
111,Other Western,509.2163505771003,394.0919206763322,57.16981132075472,452.04653925634557,15
111,Sinic,3651.1918951626963,3573.85747586164,112.34408602150538,3538.8478091411907,24
111,United States,997.3486080578656,900.3499486561774,132.49329758713137,864.8553104707343,28
112,Anglosphere ex-US,749.8434602416683,647.297023630758,119.77848101265822,630.0649792290101,25
112,Continental Europe,2390.819652997658,2316.1557877371265,129.0692124105012,2261.750440587157,26
112,Hindu,1495.9417940770877,1427.0475243208734,66.04072398190046,1429.9010700951872,21
112,Islamic,892.6435723582183,843.7802187835673,126.52032520325203,766.1232471549663,31
112,Japanese,205.05761537428887,149.2836104281408,50.47533632286996,154.5822790514189,12
112,Other Civilizations,426.4479079764109,333.2001384588884,104.59615384615385,321.851754130257,21
112,Other Western,509.9688767276438,479.3093019706009,57.16981132075472,452.7990654068891,15
112,Sinic,1782.6947246130508,1709.9351752290888,112.34408602150538,1670.3506385915455,24
112,United States,674.1063667819916,570.760176700194,132.49329758713137,541.6130691948603,28
113,Anglosphere ex-US,1582.420766165375,1313.0081239806557,119.77848101265822,1462.6422851527168,25
113,Continental Europe,2418.4729811471093,2345.2158163058684,129.0692124105012,2289.403768736608,26
113,Hindu,1496.6905139387027,1427.5414550508747,66.04072398190046,1430.6497899568021,21
113,Islamic,891.044148631922,851.227694104924,126.52032520325203,764.52382342867,31
113,Japanese,247.2248511017714,191.5742085672698,50.47533632286996,196.74951477890144,12
113,Other Civilizations,887.3705136514922,827.7251527540794,104.59615384615385,782.7743598053383,21
113,Other Western,512.8313453971025,390.8528639768444,57.16981132075472,455.6615340763478,15
113,Sinic,1786.5170765832668,1707.3073007856037,112.34408602150538,1674.1729905617615,24
113,United States,1664.8104387772678,1600.5304120316073,132.49329758713137,1532.3171411901365,28
114,Anglosphere ex-US,736.1535162719942,635.9055377903661,119.77848101265822,616.3750352593361,25
114,Continental Europe,1567.9125476815323,1502.4038229906712,129.0692124105012,1438.843335271031,26
114,Hindu,1493.172248934565,1421.252560883201,66.04072398190046,1427.1315249526644,21
114,Islamic,891.056347650866,697.448614541481,126.52032520325203,764.536022447614,31
114,Japanese,202.49478622298645,141.12636279303075,50.47533632286996,152.01944990011648,12
114,Other Civilizations,423.9725651537606,391.3498821273452,104.59615384615385,319.37641130760676,21
114,Other Western,515.8854831844122,427.3653863590564,57.16981132075472,458.7156718636575,15
114,Sinic,1157.0484399540321,1054.3633255152158,112.34408602150538,1044.7043539325268,24
114,United States,480.8115574969934,398.85739236195275,132.49329758713137,348.31825990986204,28
115,Anglosphere ex-US,743.4677280446879,586.6548037423955,119.77848101265822,623.6892470320297,25
115,Continental Europe,1147.0347336873494,1033.1635543909417,129.0692124105012,1017.9655212768482,26
115,Hindu,1500.9178380550732,1401.8341215505536,66.04072398190046,1434.8771140731726,21
115,Islamic,886.5344527600241,849.6909948807331,126.52032520325203,760.0141275567721,31
115,Japanese,163.14805376317807,99.83893862855275,50.47533632286996,112.6727174403081,12
115,Other Civilizations,889.9526866526395,831.3135169205208,104.59615384615385,785.3565328064857,21
115,Other Western,517.3720503193739,404.56582665734277,57.16981132075472,460.2022389986192,15
115,Sinic,1792.7785847922873,1687.3171517469464,112.34408602150538,1680.434498770782,24
115,United States,580.5752982932421,451.6001952114713,132.49329758713137,448.08200070611076,28
116,Anglosphere ex-US,441.17140334871976,312.86690129186024,119.77848101265822,321.39292233606153,25
116,Continental Europe,1562.567573974011,1466.1693928366628,129.0692124105012,1433.49836156351,26
116,Hindu,1497.5383236928687,1416.9120346600166,66.04072398190046,1431.4975997109682,21
116,Islamic,891.3359660974331,825.9786970059828,126.52032520325203,764.8156408941811,31
116,Japanese,167.60762449022286,118.4683482112519,50.47533632286996,117.1322881673529,12
116,Other Civilizations,894.0457209893234,787.4888626190625,104.59615384615385,789.4495671431696,21
116,Other Western,510.6618443336991,464.8505667182228,57.16981132075472,453.4920330129444,15
116,Sinic,3658.490934611155,3540.995806511383,112.34408602150538,3546.1468485896494,24
116,United States,971.7497915429857,882.7843981891184,132.49329758713137,839.2564939558544,28
117,Anglosphere ex-US,756.9249994184502,571.1163169703057,119.77848101265822,637.146518405792,25
117,Continental Europe,1558.7706244299666,1409.864131117751,129.0692124105012,1429.7014120194654,26
117,Hindu,1496.2709640425037,1432.7952055309606,66.04072398190046,1430.2302400606031,21
117,Islamic,890.4574864359981,754.7686909305422,126.52032520325203,763.9371612327461,31
117,Japanese,214.49361604638815,132.07677978947396,50.47533632286996,164.0182797235182,12
117,Other Civilizations,269.2339584717051,232.1440706479618,104.59615384615385,164.6378046255512,21
117,Other Western,509.90706895355686,462.3652425137892,57.16981132075472,452.73725763280214,15
117,Sinic,1160.050763389642,1075.3566615044936,112.34408602150538,1047.7066773681368,24
117,United States,575.9599739942983,492.5323687794748,132.49329758713137,443.4666764071669,28
118,Anglosphere ex-US,753.6547066187102,595.3411346402818,119.77848101265822,633.876225606052,25
118,Continental Europe,1161.2979777456603,1064.6843625430286,129.0692124105012,1032.228765335159,26
118,Hindu,1499.0901181201941,1420.039624459978,66.04072398190046,1433.0493941382936,21
118,Islamic,893.0295663054777,833.5853758585843,126.52032520325203,766.5092411022257,31
118,Japanese,166.70018032423573,121.74887345757853,50.47533632286996,116.22484400136577,12
118,Other Civilizations,423.9825563883647,376.85190727019267,104.59615384615385,319.3864025422108,21
118,Other Western,511.8860997282567,461.5172792989873,57.16981132075472,454.71628840750196,15
118,Sinic,1152.8103017257845,1073.7251043310625,112.34408602150538,1040.4662157042792,24
118,United States,986.7817544197907,902.6902973644831,132.49329758713137,854.2884568326593,28
119,Anglosphere ex-US,744.8429770388364,698.0912019422248,119.77848101265822,625.0644960261782,25
119,Continental Europe,618.8041267632041,535.4490184925401,129.0692124105012,489.73491435270284,26
119,Hindu,1497.7252296502588,1427.7670168359352,66.04072398190046,1431.6845056683583,21
119,Islamic,889.547097255765,813.8806453338542,126.52032520325203,763.026772052513,31
119,Japanese,116.99084080171951,43.654217506394815,50.47533632286996,66.51550447884955,12
119,Other Civilizations,426.22939991074554,364.3370072151896,104.59615384615385,321.6332460645917,21
119,Other Western,511.8735076104834,390.71678117168113,57.16981132075472,454.70369628972867,15
119,Sinic,3649.7647203191545,3556.9137339863146,112.34408602150538,3537.420634297649,24
119,United States,821.3101123227849,740.5546653796712,132.49329758713137,688.8168147356536,28
120,Anglosphere ex-US,251.36571634622393,218.15577694748117,119.77848101265822,131.58723533356573,25
120,Continental Europe,1163.3801864038546,1045.8736621986536,129.0692124105012,1034.3109739933534,26
120,Hindu,1501.9692127072703,1403.5286881579425,66.04072398190046,1435.9284887253698,21
120,Islamic,881.1500981669401,795.1202357051735,126.52032520325203,754.6297729636881,31
120,Japanese,160.55548247471415,101.2685010159779,50.47533632286996,110.08014615184419,12
120,Other Civilizations,889.4520903291011,802.3430938678723,104.59615384615385,784.8559364829473,21
120,Other Western,514.9408131497346,434.7925455019174,57.16981132075472,457.7710018289799,15
120,Sinic,3657.686921640403,3544.926796895327,112.34408602150538,3545.3428356188974,24
120,United States,1238.8357619184455,1166.8783306889036,132.49329758713137,1106.3424643313142,28
121,Anglosphere ex-US,1583.7299479962094,1380.6195902838172,119.77848101265822,1463.9514669835512,25
121,Continental Europe,1132.5839823942085,1037.3752996986002,129.0692124105012,1003.5147699837073,26
121,Hindu,1497.0734927261842,1377.0027416235293,66.04072398190046,1431.0327687442837,21
121,Islamic,839.1266634310604,108.696190426529,126.52032520325203,712.6063382278084,31
121,Japanese,117.70999405422887,66.45756031189997,50.47533632286996,67.23465773135891,12
121,Other Civilizations,888.8153260897212,786.2636045051476,104.59615384615385,784.2191722435674,21
121,Other Western,511.30995834008695,453.9455096702096,57.16981132075472,454.14014701933223,15
121,Sinic,3652.5443870622457,3551.2908891128777,112.34408602150538,3540.20030104074,24
121,United States,1272.8315671414698,1186.1964671579544,132.49329758713137,1140.3382695543385,28
122,Anglosphere ex-US,1593.0135167960157,1531.4211648402033,119.77848101265822,1473.2350357833575,25
122,Continental Europe,1557.9184472813358,1471.2149722390745,129.0692124105012,1428.8492348708346,26
122,Hindu,1498.982693715309,1427.6806948891985,66.04072398190046,1432.9419697334085,21
122,Islamic,892.4610256199314,812.6545900572722,126.52032520325203,765.9407004166794,31
122,Japanese,209.49488352464417,134.46866314009796,50.47533632286996,159.0195472017742,12
122,Other Civilizations,144.58353554132805,104.72068050899145,104.59615384615385,39.98738169517419,21
122,Other Western,508.66339628009825,448.84475848646434,57.16981132075472,451.49358495934354,15
122,Sinic,3652.5592325864413,3571.733312806876,112.34408602150538,3540.215146564936,24
122,United States,807.1325910835054,715.3122085818651,132.49329758713137,674.6392934963741,28
123,Anglosphere ex-US,1577.1489077459885,1522.599822156405,119.77848101265822,1457.3704267333303,25
123,Continental Europe,892.0306467336718,818.0466293207274,129.0692124105012,762.9614343231706,26
123,Hindu,1502.148951360673,1424.146184441276,66.04072398190046,1436.1082273787724,21
123,Islamic,892.1706976470315,811.7185345863204,126.52032520325203,765.6503724437795,31
123,Japanese,339.1507677661494,271.2012472386831,50.47533632286996,288.6754314432794,12
123,Other Civilizations,875.8301540741588,828.1544629316024,104.59615384615385,771.234000228005,21
123,Other Western,518.22616059952,434.6043779427884,57.16981132075472,461.05634927876525,15
123,Sinic,1789.5626219293126,1697.6851610562846,112.34408602150538,1677.2185359078073,24
123,United States,1002.407179519774,899.7793575378777,132.49329758713137,869.9138819326427,28
124,Anglosphere ex-US,459.339856954517,392.8741915797316,119.77848101265822,339.5613759418588,25
124,Continental Europe,918.272483394074,791.221371092613,129.0692124105012,789.2032709835728,26
124,Hindu,1494.087186583625,1419.3887657824366,66.04072398190046,1428.0464626017244,21
124,Islamic,886.8093218846014,843.2496514601557,126.52032520325203,760.2889966813494,31
124,Japanese,254.58619217017326,203.81801644725638,50.47533632286996,204.1108558473033,12
124,Other Civilizations,888.4192509923332,839.2644233999218,104.59615384615385,783.8230971461794,21
124,Other Western,515.5352948614253,363.67297954674564,57.16981132075472,458.3654835406706,15
124,Sinic,3651.8559097134794,3586.387946198345,112.34408602150538,3539.511823691974,24
124,United States,1266.8875991159532,1176.3262553674156,132.49329758713137,1134.3943015288219,28
125,Anglosphere ex-US,1594.2533975764065,1305.5230778317512,119.77848101265822,1474.4749165637484,25
125,Continental Europe,1601.062163855361,1474.3159192539672,129.0692124105012,1471.9929514448597,26
125,Hindu,1497.3045340165856,1434.1671857124672,66.04072398190046,1431.263810034685,21
125,Islamic,894.4842202679297,797.9879386368318,126.52032520325203,767.9638950646777,31
125,Japanese,469.7065290877191,406.61348890027136,50.47533632286996,419.23119276484914,12
125,Other Civilizations,424.96415550178114,388.70612236398944,104.59615384615385,320.36800165562727,21
125,Other Western,507.2037970312217,408.2268252369064,57.16981132075472,450.033985710467,15
125,Sinic,1778.020433123368,1705.7526344507348,112.34408602150538,1665.6763471018628,24
125,United States,664.4998528692864,607.7526921601909,132.49329758713137,532.0065552821551,28
126,Anglosphere ex-US,250.2415460086209,133.2610778653681,119.77848101265822,130.46306499596267,25
126,Continental Europe,1157.0861835830638,1025.7996720628696,129.0692124105012,1028.0169711725625,26
126,Hindu,1499.1293689650279,1427.2175623861829,66.04072398190046,1433.0886449831273,21
126,Islamic,890.6045347118982,836.1192994048702,126.52032520325203,764.0842095086462,31
126,Japanese,212.1613149073459,146.42272615720472,50.47533632286996,161.68597858447595,12
126,Other Civilizations,895.3269017560536,798.8316217779216,104.59615384615385,790.7307479098998,21
126,Other Western,511.8735076104834,390.71678117168113,57.16981132075472,454.70369628972867,15
126,Sinic,1775.614438085535,1672.8376321782057,112.34408602150538,1663.2703520640298,24
126,United States,612.1461038774061,530.2830332589826,132.49329758713137,479.6528062902747,28
127,Anglosphere ex-US,1588.412931047204,1456.1003891198836,119.77848101265822,1468.6344500345458,25
127,Continental Europe,1151.187549762075,1055.3818310326833,129.0692124105012,1022.1183373515737,26
127,Hindu,1495.167183334485,1448.2857051844828,66.04072398190046,1429.1264593525843,21
127,Islamic,897.9832199796421,795.593472252786,126.52032520325203,771.46289477639,31
127,Japanese,167.89408096765956,108.77101195653654,50.47533632286996,117.4187446447896,12
127,Other Civilizations,894.930702722261,850.8929857969741,104.59615384615385,790.3345488761072,21
127,Other Western,516.405036545968,427.95896996026937,57.16981132075472,459.23522522521324,15
127,Sinic,1165.2709404059026,1084.365893767603,112.34408602150538,1052.9268543843973,24
127,United States,662.7840547707648,598.0111015845652,132.49329758713137,530.2907571836334,28
128,Anglosphere ex-US,719.9960989817807,594.0745664220891,119.77848101265822,600.2176179691226,25
128,Continental Europe,1155.192097279273,1076.3396423547672,129.0692124105012,1026.1228848687717,26
128,Hindu,1497.6007049788705,1431.3227355716126,66.04072398190046,1431.55998099697,21
128,Islamic,893.9564862416082,831.8188791949036,126.52032520325203,767.4361610383562,31
128,Japanese,164.9715166065426,115.08900592299644,50.47533632286996,114.49618028367263,12
128,Other Civilizations,256.6175903587093,214.35191541019938,104.59615384615385,152.02143651255545,21
128,Other Western,513.3229195351593,454.33728311097303,57.16981132075472,456.15310821440454,15
128,Sinic,3649.3533422836,3570.5443820826213,112.34408602150538,3537.0092562620944,24
128,United States,1257.675597771763,1185.9892360931042,132.49329758713137,1125.1823001846317,28
129,Anglosphere ex-US,1568.2114043556996,1494.012974788784,119.77848101265822,1448.4329233430415,25
129,Continental Europe,1585.597358964785,1491.9410200166747,129.0692124105012,1456.5281465542837,26
129,Hindu,1493.5015559722378,1438.9525064955608,66.04072398190046,1427.4608319903373,21
129,Islamic,894.5235815976836,836.2442808142655,126.52032520325203,768.0032563944316,31
129,Japanese,103.9741239181715,40.49502137384592,50.47533632286996,53.49878759530154,12
129,Other Civilizations,896.5144163477702,803.5000971257474,104.59615384615385,791.9182625016164,21
129,Other Western,515.5927681579947,435.46481468568,57.16981132075472,458.42295683723995,15
129,Sinic,3658.3755767517805,3496.84749167171,112.34408602150538,3546.031490730275,24
129,United States,961.4032861587168,880.7883835832511,132.49329758713137,828.9099885715855,28
130,Anglosphere ex-US,1587.725842087031,1320.2530769530179,119.77848101265822,1467.9473610743728,25
130,Continental Europe,750.617572691942,648.399490241795,129.0692124105012,621.5483602814408,26
130,Hindu,1496.8692540474112,1434.8304515550462,66.04072398190046,1430.8285300655107,21
130,Islamic,894.2708790132331,836.6178995178882,126.52032520325203,767.750553809981,31
130,Japanese,168.90025432883607,124.616673563488,50.47533632286996,118.4249180059661,12
130,Other Civilizations,409.59251465227965,359.33575479477366,104.59615384615385,304.9963608061258,21
130,Other Western,511.3085532673679,428.49393164502465,57.16981132075472,454.1387419466132,15
130,Sinic,1784.0960594606436,1726.506086716789,112.34408602150538,1671.7519734391383,24
130,United States,805.3227436478721,708.2453961291533,132.49329758713137,672.8294460607408,28
131,Anglosphere ex-US,747.2491664971201,677.587043369143,119.77848101265822,627.4706854844619,25
131,Continental Europe,2429.5559000251137,2296.122750671205,129.0692124105012,2300.4866876146125,26
131,Hindu,1500.411469372887,1404.9917823723927,66.04072398190046,1434.3707453909865,21
131,Islamic,895.0630226328676,814.9553065251326,126.52032520325203,768.5426974296156,31
131,Japanese,206.64586761148612,142.3019251758349,50.47533632286996,156.17053128861616,12
131,Other Civilizations,891.66922685555,804.3430938673106,104.59615384615385,787.0730730093962,21
131,Other Western,509.4125595510996,453.5403399704829,57.16981132075472,452.2427482303449,15
131,Sinic,1782.589357304709,1711.0579049392816,112.34408602150538,1670.2452712832037,24
131,United States,442.65563693191007,356.9353111429886,132.49329758713137,310.16233934477873,28
132,Anglosphere ex-US,1566.3311823863894,1429.3873543361294,119.77848101265822,1446.5527013737312,25
132,Continental Europe,892.8260686288608,783.156610064495,129.0692124105012,763.7568562183595,26
132,Hindu,1489.8846249970911,1442.1533651200698,66.04072398190046,1423.8439010151906,21
132,Islamic,889.7991933539422,851.3365310881161,126.52032520325203,763.2788681506902,31
132,Japanese,470.9807038866126,382.1428910259334,50.47533632286996,420.50536756374265,12
132,Other Civilizations,428.2424927694432,340.61631907990636,104.59615384615385,323.6463389232893,21
132,Other Western,515.046635140628,465.56715628143667,57.16981132075472,457.8768238198733,15
132,Sinic,1782.2675481138867,1685.9433475312703,112.34408602150538,1669.9234620923814,24
132,United States,639.29655338249,565.5633850188955,132.49329758713137,506.8032557953586,28
133,Anglosphere ex-US,734.3539586991869,657.1973575621305,119.77848101265822,614.5754776865288,25
133,Continental Europe,1587.774870765722,1513.424708367816,129.0692124105012,1458.7056583552207,26
133,Hindu,1496.753036039315,1427.8461880108123,66.04072398190046,1430.7123120574145,21
133,Islamic,896.1441061827835,792.5649189545552,126.52032520325203,769.6237809795315,31
133,Japanese,209.3174498045269,128.87933922723968,50.47533632286996,158.84211348165692,12
133,Other Civilizations,423.7649237123557,368.8042774077679,104.59615384615385,319.16876986620184,21
133,Other Western,514.818694606175,417.7829770964626,57.16981132075472,457.64888328542025,15
133,Sinic,3648.4904845458996,3551.3445823821194,112.34408602150538,3536.146398524394,24
133,United States,990.3631460229001,908.345868298345,132.49329758713137,857.8698484357687,28
134,Anglosphere ex-US,483.4481790782504,425.1322613460314,119.77848101265822,363.6696980655922,25
134,Continental Europe,740.3749947826544,648.7603559303047,129.0692124105012,611.3057823721532,26
134,Hindu,1497.3561432917961,1424.6946450064806,66.04072398190046,1431.3154193098956,21
134,Islamic,891.6678529494297,837.3644215574063,126.52032520325203,765.1475277461777,31
134,Japanese,208.28597175367437,130.72649413158038,50.47533632286996,157.8106354308044,12
134,Other Civilizations,889.3587062732436,805.4362001778086,104.59615384615385,784.7625524270898,21
134,Other Western,510.6043505039048,391.78813713269034,57.16981132075472,453.4345391831501,15
134,Sinic,1789.1762976101318,1680.4233954845479,112.34408602150538,1676.8322115886265,24
134,United States,429.06697275328594,346.6172555030764,132.49329758713137,296.57367516615454,28
135,Anglosphere ex-US,259.97266332457275,203.31855077543656,119.77848101265822,140.19418231191452,25
135,Continental Europe,1151.1903728003217,1041.295824907351,129.0692124105012,1022.1211603898205,26
135,Hindu,1495.811331441277,1426.3698953019377,66.04072398190046,1429.7706074593764,21
135,Islamic,893.343637277394,832.6028467338056,126.52032520325203,766.823312074142,31
135,Japanese,96.12407330704976,50.59825336831088,50.47533632286996,45.6487369841798,12
135,Other Civilizations,895.386366516436,787.1516969286513,104.59615384615385,790.7902126702822,21
135,Other Western,512.6566937417435,444.4546270996268,57.16981132075472,455.4868824209888,15
135,Sinic,1778.0983963426665,1656.8999493392894,112.34408602150538,1665.7543103211613,24
135,United States,786.8640377981471,687.1070858836468,132.49329758713137,654.3707402110158,28
136,Anglosphere ex-US,736.817213618599,616.432567244243,119.77848101265822,617.0387326059408,25
136,Continental Europe,2437.249722978329,2322.4737689050808,129.0692124105012,2308.1805105678277,26
136,Hindu,1499.0285062428356,1421.8896585108755,66.04072398190046,1432.987782260935,21
136,Islamic,895.7663230009327,847.6997030141968,126.52032520325203,769.2459977976807,31
136,Japanese,263.05106150204017,182.66636248263504,50.47533632286996,212.5757251791702,12
136,Other Civilizations,884.5828153667422,832.2243935331459,104.59615384615385,779.9866615205884,21
136,Other Western,512.5071198322862,473.4611672465051,57.16981132075472,455.3373085115315,15
136,Sinic,3655.653420688063,3589.190427549261,112.34408602150538,3543.3093346665573,24
136,United States,489.4901822787436,421.8214076364217,132.49329758713137,356.9968846916122,28
137,Anglosphere ex-US,753.7152605165094,662.2418961316079,119.77848101265822,633.9367795038512,25
137,Continental Europe,2452.6092957823307,2321.7392140651245,129.0692124105012,2323.5400833718295,26
137,Hindu,1498.497080159495,1431.5854306830754,66.04072398190046,1432.4563561775944,21
137,Islamic,892.1806691264093,838.1101150226554,126.52032520325203,765.6603439231573,31
137,Japanese,264.38238482342695,187.94824752895815,50.47533632286996,213.90704850055698,12
137,Other Civilizations,418.3329030722084,370.1447083974104,104.59615384615385,313.73674922605454,21
137,Other Western,512.3256959814642,428.05718068052,57.16981132075472,455.15588466070943,15
137,Sinic,1162.3621868590844,1037.2485681275402,112.34408602150538,1050.0181008375791,24
137,United States,669.664367416071,588.6991276782924,132.49329758713137,537.1710698289396,28
138,Anglosphere ex-US,1567.2018964690692,1431.3177085742152,119.77848101265822,1447.423415456411,25
138,Continental Europe,888.1496778574667,778.6764724293488,129.0692124105012,759.0804654469655,26
138,Hindu,1500.7745893458734,1360.5098521863742,66.04072398190046,1434.7338653639729,21
138,Islamic,893.9015347644782,810.29269351348,126.52032520325203,767.3812095612262,31
138,Japanese,262.208240048197,178.56160584382772,50.47533632286996,211.73290372532705,12
138,Other Civilizations,891.8948450340233,811.9045860891335,104.59615384615385,787.2986911878695,21
138,Other Western,506.1460057393422,460.46526095549115,57.16981132075472,448.97619441858745,15
138,Sinic,3662.869410094053,3551.384887552795,112.34408602150538,3550.5253240725474,24
138,United States,500.65911555855337,416.16761347005416,132.49329758713137,368.16581797142203,28
139,Anglosphere ex-US,757.1465583848473,689.4292138427238,119.77848101265822,637.3680773721891,25
139,Continental Europe,1100.1998030346556,1026.7492060397547,129.0692124105012,971.1305906241544,26
139,Hindu,1498.2184832848952,1414.9807021584782,66.04072398190046,1432.1777593029947,21
139,Islamic,894.6590435990602,807.6676839585114,126.52032520325203,768.1387183958082,31
139,Japanese,138.25453558574443,86.12628553737973,50.47533632286996,87.77919926287447,12
139,Other Civilizations,189.13206950186384,157.036469340326,104.59615384615385,84.53591565570999,21
139,Other Western,517.4137401984328,328.92383757503563,57.16981132075472,460.2439288776781,15
139,Sinic,1781.8739128785019,1708.619394476272,112.34408602150538,1669.5298268569966,24
139,United States,1267.918953113692,1192.965340473703,132.49329758713137,1135.4256555265606,28
140,Anglosphere ex-US,1577.538826482092,1506.412012406769,119.77848101265822,1457.7603454694338,25
140,Continental Europe,1170.1148042805205,1060.4115165388848,129.0692124105012,1041.0455918700193,26
140,Hindu,1496.0239472048324,1420.2159826166069,66.04072398190046,1429.9832232229319,21
140,Islamic,889.5075477629617,851.4568419472425,126.52032520325203,762.9872225597097,31
140,Japanese,138.63277978880927,82.6044144450643,50.47533632286996,88.15744346593931,12
140,Other Civilizations,877.2310852171883,831.5882171867091,104.59615384615385,772.6349313710344,21
140,Other Western,516.0260603569645,465.87885900202866,57.16981132075472,458.8562490362098,15
140,Sinic,3658.191919313598,3583.9268514790188,112.34408602150538,3545.8478332920927,24
140,United States,1271.8888188563656,1164.0440680408567,132.49329758713137,1139.3955212692342,28
141,Anglosphere ex-US,1582.74287364301,1498.0066750099747,119.77848101265822,1462.9643926303518,25
141,Continental Europe,1582.7684665727238,1496.6531041429228,129.0692124105012,1453.6992541622226,26
141,Hindu,1496.0000818226492,1415.840263958318,66.04072398190046,1429.9593578407487,21
141,Islamic,900.2139389534001,740.565736523074,126.52032520325203,773.6936137501481,31
141,Japanese,169.412895284614,114.41435313170807,50.47533632286996,118.93755896174403,12
141,Other Civilizations,428.03739056179063,316.55627787812506,104.59615384615385,323.44123671563676,21
141,Other Western,516.6027860437614,389.0590914002635,57.16981132075472,459.4329747230067,15
141,Sinic,842.4550536802396,754.5562078707193,112.34408602150538,730.1109676587342,24
141,United States,513.759578503558,403.1640449986903,132.49329758713137,381.2662809164267,28
142,Anglosphere ex-US,479.83201618939745,413.3882966440852,119.77848101265822,360.0535351767392,25
142,Continental Europe,737.7984975424523,654.5288577630677,129.0692124105012,608.7292851319511,26
142,Hindu,1500.2368467796298,1409.177671280715,66.04072398190046,1434.1961227977292,21
142,Islamic,890.1575710496336,843.8157488034906,126.52032520325203,763.6372458463816,31
142,Japanese,262.0711604972809,202.21382005489892,50.47533632286996,211.59582417441095,12
142,Other Civilizations,268.14888539059746,233.81364575285784,104.59615384615385,163.5527315444436,21
142,Other Western,515.1795496748241,444.380142255671,57.16981132075472,458.0097383540694,15
142,Sinic,1773.6758647561962,1675.6241727328436,112.34408602150538,1661.331778734691,24
142,United States,561.3511548852138,447.795973332677,132.49329758713137,428.8578572980824,28
143,Anglosphere ex-US,1588.9811492751244,1522.4644223119867,119.77848101265822,1469.2026682624662,25
143,Continental Europe,1582.2349852245184,1516.059601492327,129.0692124105012,1453.1657728140171,26
143,Hindu,1491.9434951360245,1443.4357860841703,66.04072398190046,1425.902771154124,21
143,Islamic,881.575532598875,805.9395781921309,126.52032520325203,755.055207395623,31
143,Japanese,171.78961345558625,114.03131609116042,50.47533632286996,121.31427713271628,12
143,Other Civilizations,891.2125207495355,795.4957249507263,104.59615384615385,786.6163669033817,21
143,Other Western,511.4356372963663,437.1897388280216,57.16981132075472,454.26582597561156,15
143,Sinic,1785.8965056890074,1690.1300024675513,112.34408602150538,1673.5524196675021,24
143,United States,975.8429092183367,864.9392861250241,132.49329758713137,843.3496116312053,28
144,Anglosphere ex-US,736.9628985104399,654.6451304558717,119.77848101265822,617.1844174977817,25
144,Continental Europe,876.2735686569007,770.8272536918212,129.0692124105012,747.2043562463995,26
144,Hindu,1494.974961761827,1419.64296712553,66.04072398190046,1428.9342377799264,21
144,Islamic,890.3268988951288,824.5084767927448,126.52032520325203,763.8065736918768,31
144,Japanese,213.52771721300948,121.23597078737492,50.47533632286996,163.05238089013952,12
144,Other Civilizations,420.41145506849233,373.96339168133,104.59615384615385,315.81530122233846,21
144,Other Western,512.689117539976,390.21472182096323,57.16981132075472,455.5193062192213,15
144,Sinic,1778.6396229685133,1693.5266959368996,112.34408602150538,1666.295536947008,24
144,United States,1262.5506607026061,1190.6304731353553,132.49329758713137,1130.0573631154748,28
145,Anglosphere ex-US,478.41400294078306,387.6285940937776,119.77848101265822,358.63552192812483,25
145,Continental Europe,1587.3692734837268,1470.375697989189,129.0692124105012,1458.3000610732256,26
145,Hindu,1495.6904443150795,1430.108105546418,66.04072398190046,1429.649720333179,21
145,Islamic,891.6042619516047,835.9910791177273,126.52032520325203,765.0839367483527,31
145,Japanese,257.04998036527087,186.0918375782793,50.47533632286996,206.5746440424009,12
145,Other Civilizations,424.40368040794226,390.05328034484006,104.59615384615385,319.8075265617884,21
145,Other Western,511.87301339615516,462.3637510315792,57.16981132075472,454.70320207540044,15
145,Sinic,1791.749844967779,1681.1890464026637,112.34408602150538,1679.4057589462736,24
145,United States,255.9673600373258,185.40403013231293,132.49329758713137,123.47406245019442,28
146,Anglosphere ex-US,323.76837132527066,236.4224214364907,119.77848101265822,203.98989031261243,25
146,Continental Europe,732.1123694155946,641.4012790848631,129.0692124105012,603.0431570050933,26
146,Hindu,1491.649250097309,1451.8061821052984,66.04072398190046,1425.6085261154085,21
146,Islamic,890.9561551508613,842.996143388405,126.52032520325203,764.4358299476092,31
146,Japanese,338.4431632246788,249.15634844012382,50.47533632286996,287.96782690180885,12
146,Other Civilizations,893.2829094765397,832.7669723598106,104.59615384615385,788.6867556303858,21
146,Other Western,514.1369928519676,452.10170934814585,57.16981132075472,456.96718153121293,15
146,Sinic,3648.9047919971777,3562.7677825074084,112.34408602150538,3536.560705975672,24
146,United States,991.7904767206338,907.8826625921854,132.49329758713137,859.2971791335025,28
147,Anglosphere ex-US,757.9515875324523,541.4956399663637,119.77848101265822,638.1731065197941,25
147,Continental Europe,2403.1175622216742,2306.294367283151,129.0692124105012,2274.048349811173,26
147,Hindu,1497.244898575146,1409.5449595355929,66.04072398190046,1431.2041745932454,21
147,Islamic,891.3873012639041,832.3584150463029,126.52032520325203,764.8669760606521,31
147,Japanese,173.39965679267928,118.3423096211975,50.47533632286996,122.92432046980932,12
147,Other Civilizations,424.2950990102824,367.85724869517736,104.59615384615385,319.69894516412853,21
147,Other Western,507.6304628348896,459.84764798883634,57.16981132075472,450.4606515141349,15
147,Sinic,1788.203948992341,1720.9528373143319,112.34408602150538,1675.8598629708358,24
147,United States,983.6575415574431,881.5873654648171,132.49329758713137,851.1642439703118,28
148,Anglosphere ex-US,742.3509755357455,594.9680611561067,119.77848101265822,622.5724945230874,25
148,Continental Europe,897.8809679426024,770.2481478840331,129.0692124105012,768.8117555321012,26
148,Hindu,1497.9959521011147,1391.3715050701628,66.04072398190046,1431.955228119214,21
148,Islamic,896.3299519020084,854.6571260632679,126.52032520325203,769.8096266987563,31
148,Japanese,117.8015047917441,69.85923174424912,50.47533632286996,67.32616846887413,12
148,Other Civilizations,419.3475099328634,380.73382107623144,104.59615384615385,314.7513560867095,21
148,Other Western,513.1342818776623,451.9987181312624,57.16981132075472,455.96447055690754,15
148,Sinic,3649.477735822297,3594.861883951455,112.34408602150538,3537.1336498007913,24
148,United States,1275.2060646832542,1197.8536555497583,132.49329758713137,1142.712767096123,28
149,Anglosphere ex-US,737.075563840104,636.6864860126053,119.77848101265822,617.2970828274458,25
149,Continental Europe,904.5270321404739,806.9690858332193,129.0692124105012,775.4578197299727,26
149,Hindu,1495.9541687399246,1418.6901539735752,66.04072398190046,1429.913444758024,21
149,Islamic,887.743423063382,819.7727885500423,126.52032520325203,761.22309786013,31
149,Japanese,138.8965543644121,70.65422390471127,50.47533632286996,88.42121804154215,12
149,Other Civilizations,894.1450118090971,837.6948631060241,104.59615384615385,789.5488579629433,21
149,Other Western,516.6995413055702,456.02805545166535,57.16981132075472,459.52972998481545,15
149,Sinic,1782.271319587677,1710.484324278117,112.34408602150538,1669.9272335661717,24
149,United States,799.804807302642,707.5832464023383,132.49329758713137,667.3115097155106,28
150,Anglosphere ex-US,1590.1979312423528,1447.9046644834968,119.77848101265822,1470.4194502296946,25
150,Continental Europe,1582.47779240182,1447.8699713275573,129.0692124105012,1453.4085799913187,26
150,Hindu,1496.0358029996935,1406.2175704264841,66.04072398190046,1429.995079017793,21
150,Islamic,898.5305403044481,785.4518291322247,126.52032520325203,772.0102151011961,31
150,Japanese,461.2472961902563,408.9192535294952,50.47533632286996,410.77195986738633,12
150,Other Civilizations,423.4351248470566,316.46888405597156,104.59615384615385,318.83897100090275,21
150,Other Western,512.3193411640333,459.9884692091787,57.16981132075472,455.1495298432786,15
150,Sinic,1164.8231001246145,1081.0458643665513,112.34408602150538,1052.4790141031092,24
150,United States,674.1395371226399,596.7431679152877,132.49329758713137,541.6462395355086,28
151,Anglosphere ex-US,345.7326794150719,245.09056339948773,119.77848101265822,225.95419840241368,25
151,Continental Europe,2438.797787486579,2344.7046163979157,129.0692124105012,2309.728575076078,26
151,Hindu,1494.398903428679,1427.0721683968027,66.04072398190046,1428.3581794467784,21
151,Islamic,884.4761275265269,757.1537341284949,126.52032520325203,757.9558023232748,31
151,Japanese,163.3786107212226,93.0105255530017,50.47533632286996,112.90327439835264,12
151,Other Civilizations,428.69092162487925,373.03232523529766,104.59615384615385,324.0947677787254,21
151,Other Western,515.2273453354345,386.83987026756006,57.16981132075472,458.0575340146798,15
151,Sinic,1773.9653553401922,1692.4681932344067,112.34408602150538,1661.621269318687,24
151,United States,783.9865473232587,699.5677640025003,132.49329758713137,651.4932497361274,28
152,Anglosphere ex-US,1559.9084994195612,1506.6679141938569,119.77848101265822,1440.130018406903,25
152,Continental Europe,918.4594611135576,776.2781768471995,129.0692124105012,789.3902487030564,26
152,Hindu,1494.019837015685,1436.2617753608047,66.04072398190046,1427.9791130337844,21
152,Islamic,897.7985558116341,752.7350168397136,126.52032520325203,771.278230608382,31
152,Japanese,140.9497564830968,90.42890902590227,50.47533632286996,90.47442016022683,12
152,Other Civilizations,187.10741714475466,151.99127200227858,104.59615384615385,82.51126329860081,21
152,Other Western,516.3339272748531,444.74364772831274,57.16981132075472,459.16411595409835,15
152,Sinic,1149.3719592088125,1088.2784918467887,112.34408602150538,1037.0278731873073,24
152,United States,1248.5173933055132,1144.7663302840235,132.49329758713137,1116.024095718382,28
153,Anglosphere ex-US,447.1178694757548,380.2739264867231,119.77848101265822,327.33938846309655,25
153,Continental Europe,2438.724570295936,2352.0044364436826,129.0692124105012,2309.6553578854346,26
153,Hindu,1501.4504613224196,1371.661405083146,66.04072398190046,1435.409737340519,21
153,Islamic,893.031388734147,788.6285149435191,126.52032520325203,766.511063530895,31
153,Japanese,466.16308742737294,297.198419073728,50.47533632286996,415.687751104503,12
153,Other Civilizations,889.720795852619,794.7755697387872,104.59615384615385,785.1246420064651,21
153,Other Western,516.7428284508002,425.19727405767844,57.16981132075472,459.57301713004546,15
153,Sinic,3651.5469428498213,3572.487471100626,112.34408602150538,3539.202856828316,24
153,United States,793.4140082684119,703.3772067274393,132.49329758713137,660.9207106812805,28
154,Anglosphere ex-US,348.9136614182346,283.57905262888056,119.77848101265822,229.13518040557636,25
154,Continental Europe,2434.035436640498,2345.497750260135,129.0692124105012,2304.966224229997,26
154,Hindu,1500.0015404028622,1420.889415256772,66.04072398190046,1433.9608164209617,21
154,Islamic,899.4572534298292,815.3389867223841,126.52032520325203,772.9369282265772,31
154,Japanese,203.32846144361451,133.5369232722725,50.47533632286996,152.85312512074455,12
154,Other Civilizations,420.53689138752446,375.7896932096803,104.59615384615385,315.9407375413706,21
154,Other Western,515.5927681579947,435.46481468568,57.16981132075472,458.42295683723995,15
154,Sinic,1159.1297079374822,1099.0022590063882,112.34408602150538,1046.785621915977,24
154,United States,807.5314085424453,703.4825688899197,132.49329758713137,675.038110955314,28
155,Anglosphere ex-US,1560.1670049651846,1476.9186354780159,119.77848101265822,1440.3885239525264,25
155,Continental Europe,1110.8827963085978,1035.3020891090641,129.0692124105012,981.8135838980966,26
155,Hindu,1494.6501400548805,1428.3299637202565,66.04072398190046,1428.60941607298,21
155,Islamic,892.7627128965772,816.3158439525221,126.52032520325203,766.2423876933252,31
155,Japanese,205.86364333260116,134.46307935726517,50.47533632286996,155.3883070097312,12
155,Other Civilizations,893.5576999189419,838.8702475598635,104.59615384615385,788.9615460727881,21
155,Other Western,509.8609071808651,454.6912061882747,57.16981132075472,452.6910958601104,15
155,Sinic,1160.0182483120898,1088.9987622115957,112.34408602150538,1047.6741622905845,24
155,United States,1729.8112026060921,1626.410767375768,132.49329758713137,1597.3179050189608,28
156,Anglosphere ex-US,740.0517403425897,557.7988442917629,119.77848101265822,620.2732593299315,25
156,Continental Europe,893.9670390430259,835.0150110114563,129.0692124105012,764.8978266325247,26
156,Hindu,1493.3598693832403,1446.235766637999,66.04072398190046,1427.3191454013397,21
156,Islamic,895.2196695574288,829.478615932108,126.52032520325203,768.6993443541768,31
156,Japanese,335.7190410184423,259.192417516897,50.47533632286996,285.2437046955723,12
156,Other Civilizations,422.10729687871014,383.80552698219316,104.59615384615385,317.5111430325563,21
156,Other Western,517.6066722041487,428.3591340342514,57.16981132075472,460.436860883394,15
156,Sinic,1152.5907938646615,1079.9265658455292,112.34408602150538,1040.2467078431562,24
156,United States,801.8651860029797,720.5275488837833,132.49329758713137,669.3718884158484,28
157,Anglosphere ex-US,473.25978647498914,391.8309471011855,119.77848101265822,353.4813054623309,25
157,Continental Europe,1578.7629075554323,1478.7594091263359,129.0692124105012,1449.693695144931,26
157,Hindu,1497.2692613534518,1429.85658615651,66.04072398190046,1431.2285373715513,21
157,Islamic,890.3082898259488,815.5789640223396,126.52032520325203,763.7879646226968,31
157,Japanese,725.332875656577,647.2131322295846,50.47533632286996,674.8575393337071,12
157,Other Civilizations,880.4508787716886,821.8945281696001,104.59615384615385,775.8547249255348,21
157,Other Western,514.6793375047264,448.5273230639379,57.16981132075472,457.5095261839717,15
157,Sinic,1158.9176523682636,1076.794427979694,112.34408602150538,1046.5735663467583,24
157,United States,1000.2683399519735,916.5706466689898,132.49329758713137,867.7750423648422,28
158,Anglosphere ex-US,476.53190056815686,393.96254335359464,119.77848101265822,356.7534195554986,25
158,Continental Europe,2406.5311578162364,2303.5314794158107,129.0692124105012,2277.461945405735,26
158,Hindu,1501.2205485066684,1393.508877986796,66.04072398190046,1435.1798245247678,21
158,Islamic,895.7398869873687,758.8979077819899,126.52032520325203,769.2195617841166,31
158,Japanese,264.38207536898676,184.60765463412628,50.47533632286996,213.9067390461168,12
158,Other Civilizations,889.1436886382961,848.0381194967166,104.59615384615385,784.5475347921423,21
158,Other Western,512.0935689750812,458.7388503006603,57.16981132075472,454.9237576543265,15
158,Sinic,3645.6488457852015,3577.2263694941066,112.34408602150538,3533.304759763696,24
158,United States,995.7002145677867,904.781661384431,132.49329758713137,863.2069169806554,28
159,Anglosphere ex-US,1597.1657735373644,1334.2363941850517,119.77848101265822,1477.3872925247063,25
159,Continental Europe,2418.1552443836367,2277.1172342321374,129.0692124105012,2289.0860319731355,26
159,Hindu,1495.3837653696419,1427.319097936923,66.04072398190046,1429.3430413877413,21
159,Islamic,886.0881860262373,812.1972868963629,126.52032520325203,759.5678608229853,31
159,Japanese,119.37355819952371,47.17479615699126,50.47533632286996,68.89822187665376,12
159,Other Civilizations,424.9774695751546,386.95027048496894,104.59615384615385,320.38131572900073,21
159,Other Western,518.1116343574706,450.18918677490564,57.16981132075472,460.9418230367159,15
159,Sinic,1788.325638779986,1648.2059475841975,112.34408602150538,1675.9815527584808,24
159,United States,947.4641400669034,870.742073772608,132.49329758713137,814.970842479772,28
160,Anglosphere ex-US,451.1373611712173,319.9269026306223,119.77848101265822,331.3588801585591,25
160,Continental Europe,901.5358464169333,828.6351011573673,129.0692124105012,772.4666340064321,26
160,Hindu,1497.2725328970137,1415.2329020179602,66.04072398190046,1431.231808915113,21
160,Islamic,891.1444429615173,847.7342240150123,126.52032520325203,764.6241177582652,31
160,Japanese,203.3695759562945,147.25399973587102,50.47533632286996,152.89423963342455,12
160,Other Civilizations,424.83507062667275,361.91430082388797,104.59615384615385,320.2389167805189,21
160,Other Western,513.9835118596229,389.7559816355546,57.16981132075472,456.8137005388682,15
160,Sinic,1791.275875141093,1699.9010848941232,112.34408602150538,1678.9317891195876,24
160,United States,574.398437026268,468.16516259889704,132.49329758713137,441.90513943913663,28
161,Anglosphere ex-US,1577.7261856472346,1448.3876783199962,119.77848101265822,1457.9477046345764,25
161,Continental Europe,1160.0195505063207,1088.9520258274267,129.0692124105012,1030.9503380958195,26
161,Hindu,1493.4522741240323,1445.8899665856716,66.04072398190046,1427.4115501421318,21
161,Islamic,889.6687210544585,831.1553183438136,126.52032520325203,763.1483958512065,31
161,Japanese,1500.064855855573,1373.0064788851196,50.47533632286996,1449.589519532703,12
161,Other Civilizations,424.72296343397727,380.09998993357,104.59615384615385,320.1268095878234,21
161,Other Western,513.5686082018524,451.81165313794014,57.16981132075472,456.39879688109767,15
161,Sinic,3647.498891986239,3540.608243515951,112.34408602150538,3535.1548059647334,24
161,United States,496.07572386083035,419.6581050702584,132.49329758713137,363.58242627369896,28
162,Anglosphere ex-US,1580.1011156177478,1497.2313150992356,119.77848101265822,1460.3226346050897,25
162,Continental Europe,910.0211221964422,844.2011436740505,129.0692124105012,780.951909785941,26
162,Hindu,1494.607811875097,1437.594831770785,66.04072398190046,1428.5670878931965,21
162,Islamic,891.2833553809782,835.408260358466,126.52032520325203,764.7630301777261,31
162,Japanese,140.79397388353715,104.58599656118548,50.47533632286996,90.31863756066718,12
162,Other Civilizations,417.5076688000932,381.3274854050612,104.59615384615385,312.91151495393933,21
162,Other Western,515.2580469080041,363.81209469053636,57.16981132075472,458.08823558724936,15
162,Sinic,1163.403831860864,1073.2033140980595,112.34408602150538,1051.0597458393588,24
162,United States,992.0944482617028,856.1677619370929,132.49329758713137,859.6011506745715,28
163,Anglosphere ex-US,1575.7390412246468,1469.1480198247318,119.77848101265822,1455.9605602119886,25
163,Continental Europe,4980.841501674068,4856.1125512259705,129.0692124105012,4851.7722892635675,26
163,Hindu,1495.4930276005198,1431.2705827214024,66.04072398190046,1429.4523036186192,21
163,Islamic,888.1049034682454,812.3132592943398,126.52032520325203,761.5845782649934,31
163,Japanese,169.3525894703385,124.71898194871224,50.47533632286996,118.87725314746854,12
163,Other Civilizations,885.1362553525119,818.8371165160161,104.59615384615385,780.540101506358,21
163,Other Western,518.0938450106621,426.20045262250767,57.16981132075472,460.9240336899074,15
163,Sinic,1161.637336342662,1068.5640854293501,112.34408602150538,1049.2932503211566,24
163,United States,815.7055626274023,722.1289381717868,132.49329758713137,683.212265040271,28
164,Anglosphere ex-US,465.3445042253621,422.0235563004364,119.77848101265822,345.56602321270384,25
164,Continental Europe,1171.6474572854754,1034.862412408874,129.0692124105012,1042.5782448749742,26
164,Hindu,1493.3792662601131,1442.0191749688888,66.04072398190046,1427.3385422782126,21
164,Islamic,893.6455013090017,852.0559299391512,126.52032520325203,767.1251761057497,31
164,Japanese,205.6648085145299,141.2858020349272,50.47533632286996,155.18947219165995,12
164,Other Civilizations,262.91819376296087,223.07817830704576,104.59615384615385,158.322039916807,21
164,Other Western,513.0797940718097,447.97916202429025,57.16981132075472,455.909982751055,15
164,Sinic,1783.2984345816885,1705.3296899482461,112.34408602150538,1670.9543485601832,24
164,United States,665.7331293645208,588.9420438832475,132.49329758713137,533.2398317773894,28
165,Anglosphere ex-US,746.8994449449602,649.1009077976582,119.77848101265822,627.1209639323021,25
165,Continental Europe,1078.9005867112269,1005.4157666927687,129.0692124105012,949.8313743007257,26
165,Hindu,1495.6678043175214,1434.378179982161,66.04072398190046,1429.6270803356208,21
165,Islamic,890.3425501998549,812.8299577080816,126.52032520325203,763.8222249966029,31
165,Japanese,207.99441463402295,99.05140623856165,50.47533632286996,157.51907831115298,12
165,Other Civilizations,892.9600814417925,814.334722196964,104.59615384615385,788.3639275956386,21
165,Other Western,512.3314457545862,445.64269787068037,57.16981132075472,455.16163443383147,15
165,Sinic,1779.9151435524145,1690.098647410867,112.34408602150538,1667.5710575309092,24
165,United States,672.5239625325387,576.7679620059375,132.49329758713137,540.0306649454074,28
166,Anglosphere ex-US,769.2921538219716,688.2728399729018,119.77848101265822,649.5136728093134,25
166,Continental Europe,1132.3057218342926,1081.2905761130164,129.0692124105012,1003.2365094237914,26
166,Hindu,1497.972644607795,1422.2998415578704,66.04072398190046,1431.9319206258945,21
166,Islamic,889.9679163848463,842.012845200086,126.52032520325203,763.4475911815942,31
166,Japanese,464.6237985245972,400.87294475889837,50.47533632286996,414.1484622017272,12
166,Other Civilizations,425.05621322591526,371.9751420795605,104.59615384615385,320.4600593797614,21
166,Other Western,514.4191890251274,435.2401748929433,57.16981132075472,457.24937770437265,15
166,Sinic,3656.9815888119842,3552.8677580257513,112.34408602150538,3544.6375027904787,24
166,United States,816.8865525318282,719.5958383534216,132.49329758713137,684.3932549446969,28
167,Anglosphere ex-US,749.4282274584481,649.5994480427721,119.77848101265822,629.6497464457899,25
167,Continental Europe,1171.12586014943,1063.9993870291796,129.0692124105012,1042.0566477389289,26
167,Hindu,1497.07437875599,1434.4965269395245,66.04072398190046,1431.0336547740894,21
167,Islamic,890.0176157946103,823.2225797757158,126.52032520325203,763.4972905913583,31
167,Japanese,212.18618386574028,110.52781095078758,50.47533632286996,161.7108475428703,12
167,Other Civilizations,269.69595641228045,229.33677494334893,104.59615384615385,165.09980256612658,21
167,Other Western,512.8830801398486,443.8140435146788,57.16981132075472,455.7132688190939,15
167,Sinic,1777.8646468953248,1697.156754152924,112.34408602150538,1665.5205608738195,24
167,United States,1000.3721158444351,922.2172605311073,132.49329758713137,867.8788182573038,28
168,Anglosphere ex-US,449.14248164752973,388.69145447826645,119.77848101265822,329.3640006348715,25
168,Continental Europe,1581.392927531539,1487.3002889332108,129.0692124105012,1452.3237151210378,26
168,Hindu,1495.625752736072,1395.96258940059,66.04072398190046,1429.5850287541714,21
168,Islamic,892.7115203048862,837.2256161574468,126.52032520325203,766.1911951016342,31
168,Japanese,204.30006655231975,142.00456221294075,50.47533632286996,153.82473022944978,12
168,Other Civilizations,892.2989767638903,789.0375596185729,104.59615384615385,787.7028229177365,21
168,Other Western,513.4895222303448,375.39800057967864,57.16981132075472,456.3197109095901,15
168,Sinic,1782.9046495897078,1708.914090820593,112.34408602150538,1670.5605635682025,24
168,United States,817.1462259435182,729.8629579623281,132.49329758713137,684.6529283563868,28
169,Anglosphere ex-US,487.07860399545183,397.095017086905,119.77848101265822,367.3001229827936,25
169,Continental Europe,1540.5956012767135,1445.9406073459404,129.0692124105012,1411.5263888662123,26
169,Hindu,1501.6148942311168,1405.157604003157,66.04072398190046,1435.5741702492162,21
169,Islamic,891.6921083129783,849.6460742762747,126.52032520325203,765.1717831097263,31
169,Japanese,462.28971937441304,385.1156691418505,50.47533632286996,411.8143830515431,12
169,Other Civilizations,893.9007548772765,796.6160549568449,104.59615384615385,789.3046010311227,21
169,Other Western,510.7507249810866,465.93907024100093,57.16981132075472,453.5809136603319,15
169,Sinic,1772.067101977956,1688.2211284420941,112.34408602150538,1659.7230159564508,24
169,United States,997.2848566958787,882.5326256339395,132.49329758713137,864.7915591087474,28
170,Anglosphere ex-US,1576.2682413434704,1450.4152217789742,119.77848101265822,1456.4897603308123,25
170,Continental Europe,2435.801151217615,2339.362553669588,129.0692124105012,2306.7319388071137,26
170,Hindu,1495.5116677002566,1439.9350385596183,66.04072398190046,1429.470943718356,21
170,Islamic,888.0251941950585,807.267949646776,126.52032520325203,761.5048689918065,31
170,Japanese,168.41937371038154,78.74383856375404,50.47533632286996,117.94403738751157,12
170,Other Civilizations,892.2765289433493,850.0067518888142,104.59615384615385,787.6803750971955,21
170,Other Western,512.6073366685854,448.96565720317426,57.16981132075472,455.4375253478307,15
170,Sinic,1791.9057051958787,1668.8774179743302,112.34408602150538,1679.5616191743734,24
170,United States,570.1256675650186,469.1616790236222,132.49329758713137,437.63236997788727,28
171,Anglosphere ex-US,760.258912891409,658.7441888287518,119.77848101265822,640.4804318787508,25
171,Continental Europe,1576.4267246473096,1468.3194030089307,129.0692124105012,1447.3575122368084,26
171,Hindu,1494.5493828214003,1426.4026968331054,66.04072398190046,1428.5086588394997,21
171,Islamic,894.542773248552,812.2703837305136,126.52032520325203,768.0224480452999,31
171,Japanese,134.61386678838588,78.24603340196465,50.47533632286996,84.13853046551591,12
171,Other Civilizations,94.10930859219492,63.788264474252884,104.59615384615385,-10.486845253958933,21
171,Other Western,515.0287058879345,418.68050825342345,57.16981132075472,457.8588945671798,15
171,Sinic,1786.6402658639763,1708.9191408440568,112.34408602150538,1674.296179842471,24
171,United States,558.0320416463326,480.11936953550105,132.49329758713137,425.53874405920124,28
172,Anglosphere ex-US,337.3985000680805,286.5609015147716,119.77848101265822,217.6200190554223,25
172,Continental Europe,2420.1063902161304,2312.0285629293235,129.0692124105012,2291.037177805629,26
172,Hindu,1497.729869590085,1431.5015089180097,66.04072398190046,1431.6891456081844,21
172,Islamic,890.8131755394555,831.5093194137725,126.52032520325203,764.2928503362035,31
172,Japanese,201.71587389825376,131.30444892168367,50.47533632286996,151.2405375753838,12
172,Other Civilizations,428.70048449951634,376.4135665182841,104.59615384615385,324.10433065336247,21
172,Other Western,517.4725762858408,418.80868310976376,57.16981132075472,460.30276496508606,15
172,Sinic,3656.159209119531,3545.6221421179966,112.34408602150538,3543.8151230980257,24
172,United States,669.2277539586814,598.2556750603283,132.49329758713137,536.7344563715501,28
173,Anglosphere ex-US,1537.046145945388,789.8680841580046,119.77848101265822,1417.2676649327298,25
173,Continental Europe,2439.0909004392,2300.582092974047,129.0692124105012,2310.021688028699,26
173,Hindu,1497.8326138246534,1431.6133369573872,66.04072398190046,1431.7918898427529,21
173,Islamic,895.2050064132816,829.3764937013751,126.52032520325203,768.6846812100296,31
173,Japanese,170.2458376879411,112.9675068629967,50.47533632286996,119.77050136507114,12
173,Other Civilizations,268.5332365664468,224.09134766632587,104.59615384615385,163.93708272029295,21
173,Other Western,508.4154060731038,453.4816925112054,57.16981132075472,451.24559475234906,15
173,Sinic,1156.1908104200218,1094.3194625475326,112.34408602150538,1043.8467243985165,24
173,United States,815.6024109454191,689.1004651032339,132.49329758713137,683.1091133582878,28
174,Anglosphere ex-US,1591.677318822542,1452.8173091103265,119.77848101265822,1471.8988378098838,25
174,Continental Europe,909.8404859805938,783.1228092220291,129.0692124105012,780.7712735700926,26
174,Hindu,1496.9256232630094,1426.7718618129038,66.04072398190046,1430.8848992811088,21
174,Islamic,892.5778823720661,822.8148537986253,126.52032520325203,766.0575571688141,31
174,Japanese,458.347261954438,397.49711353877757,50.47533632286996,407.87192563156805,12
174,Other Civilizations,421.70691823259045,386.2259063342405,104.59615384615385,317.1107643864366,21
174,Other Western,512.3943281174928,420.9422720726884,57.16981132075472,455.2245167967381,15
174,Sinic,3650.588155863828,3575.549405260118,112.34408602150538,3538.2440698423225,24
174,United States,685.3746243304648,583.1616210733403,132.49329758713137,552.8813267433335,28
175,Anglosphere ex-US,1565.2639706498378,1477.7723081922552,119.77848101265822,1445.4854896371796,25
175,Continental Europe,909.0921722229734,821.1548631664291,129.0692124105012,780.0229598124722,26
175,Hindu,1497.664098206688,1434.0975440194704,66.04072398190046,1431.6233742247875,21
175,Islamic,893.0431675820295,776.137029468197,126.52032520325203,766.5228423787775,31
175,Japanese,340.69324239758043,263.8267614363305,50.47533632286996,290.21790607471047,12
175,Other Civilizations,892.4659737301977,810.3080386648111,104.59615384615385,787.8698198840439,21
175,Other Western,516.8378797106936,411.4790096100258,57.16981132075472,459.6680683899389,15
175,Sinic,3652.299026034676,3576.155915165074,112.34408602150538,3539.9549400131705,24
175,United States,786.276947910912,709.0627978877828,132.49329758713137,653.7836503237806,28
176,Anglosphere ex-US,757.931341333078,601.4736903274268,119.77848101265822,638.1528603204198,25
176,Continental Europe,2428.4763332931702,2349.1157533909636,129.0692124105012,2299.407120882669,26
176,Hindu,1498.2596377446387,1432.8522069459834,66.04072398190046,1432.218913762738,21
176,Islamic,897.2233288976878,817.6939113049439,126.52032520325203,770.7030036944358,31
176,Japanese,97.19439686840416,57.599954084145395,50.47533632286996,46.7190605455342,12
176,Other Civilizations,267.2509250736149,221.48267777401546,104.59615384615385,162.65477122746103,21
176,Other Western,517.7820762422309,428.6237413637432,57.16981132075472,460.6122649214762,15
176,Sinic,1147.948870086996,1093.7243891727885,112.34408602150538,1035.6047840654908,24
176,United States,1272.7341358679696,1194.280199363698,132.49329758713137,1140.2408382808383,28
177,Anglosphere ex-US,1590.2049504324318,1439.774692294078,119.77848101265822,1470.4264694197736,25
177,Continental Europe,1580.9655152982787,1494.403847058502,129.0692124105012,1451.8963028877774,26
177,Hindu,1495.7252733387147,1432.8065497588073,66.04072398190046,1429.6845493568142,21
177,Islamic,895.154485182302,631.5495172613741,126.52032520325203,768.63415997905,31
177,Japanese,96.40956173953802,54.679012905432046,50.47533632286996,45.93422541666806,12
177,Other Civilizations,192.2629736049682,132.79025926204798,104.59615384615385,87.66681975881436,21
177,Other Western,514.5915580568853,401.82852305182496,57.16981132075472,457.4217467361306,15
177,Sinic,3652.02770207334,3562.0879443419044,112.34408602150538,3539.6836160518346,24
177,United States,675.9582312027803,595.4028893888062,132.49329758713137,543.464933615649,28
178,Anglosphere ex-US,485.3059540479155,281.6005456962567,119.77848101265822,365.5274730352573,25
178,Continental Europe,1585.2827222569636,1448.3025832575188,129.0692124105012,1456.2135098464623,26
178,Hindu,1496.1668511764128,1433.786785994293,66.04072398190046,1430.1261271945123,21
178,Islamic,894.9039924903416,843.989998466711,126.52032520325203,768.3836672870896,31
178,Japanese,115.98917487909446,64.81569469436819,50.47533632286996,65.5138385562245,12
178,Other Civilizations,271.3798285137087,210.47664969400827,104.59615384615385,166.7836746675548,21
178,Other Western,516.7334102826085,440.98024604652596,57.16981132075472,459.56359896185376,15
178,Sinic,3651.176226029194,3567.917795836654,112.34408602150538,3538.8321400076884,24
178,United States,2619.49822440846,2541.442700138796,132.49329758713137,2487.0049268213284,28
179,Anglosphere ex-US,752.0650822965366,597.77129952606,119.77848101265822,632.2866012838784,25
179,Continental Europe,894.5669115099971,818.5580346292005,129.0692124105012,765.4976990994959,26
179,Hindu,1495.14800141422,1434.97840802203,66.04072398190046,1429.1072774323195,21
179,Islamic,894.3748687945948,856.1926963105376,126.52032520325203,767.8545435913428,31
179,Japanese,461.8098166884115,378.36184308667015,50.47533632286996,411.33448036554154,12
179,Other Civilizations,892.56720581775,824.9316790899875,104.59615384615385,787.9710519715962,21
179,Other Western,512.7289189240305,453.8794028278732,57.16981132075472,455.5591076032758,15
179,Sinic,3646.8765618763396,3565.326231047624,112.34408602150538,3534.532475854834,24
179,United States,775.4589234253383,692.8029213939634,132.49329758713137,642.965625838207,28
180,Anglosphere ex-US,750.6232588478344,669.7376504944759,119.77848101265822,630.8447778351763,25
180,Continental Europe,4975.69880335541,4874.3570758360565,129.0692124105012,4846.629590944909,26
180,Hindu,1501.3474598010407,1395.154394581767,66.04072398190046,1435.3067358191402,21
180,Islamic,901.9929674097257,816.9014571991419,126.52032520325203,775.4726422064737,31
180,Japanese,205.87929744258165,140.35209447989507,50.47533632286996,155.40396111971168,12
180,Other Civilizations,273.0009875143924,227.60391624487744,104.59615384615385,168.40483366823855,21
180,Other Western,512.2273759493878,378.0521961646241,57.16981132075472,455.0575646286331,15
180,Sinic,3652.795260059844,3533.4990544000934,112.34408602150538,3540.4511740383386,24
180,United States,803.8459496495149,717.8377678154993,132.49329758713137,671.3526520623835,28
181,Anglosphere ex-US,752.1117225714155,571.246679123109,119.77848101265822,632.3332415587573,25
181,Continental Europe,619.9606411569611,529.4544568151209,129.0692124105012,490.89142874645984,26
181,Hindu,1497.8273233814011,1391.380567865964,66.04072398190046,1431.7865993995006,21
181,Islamic,895.5355594164297,826.735342649753,126.52032520325203,769.0152342131777,31
181,Japanese,460.0644850574288,385.0512516191457,50.47533632286996,409.5891487345588,12
181,Other Civilizations,892.6025769591762,799.3751479680756,104.59615384615385,788.0064231130224,21
181,Other Western,513.697507763058,401.87134085828956,57.16981132075472,456.52769644230324,15
181,Sinic,1774.61013937598,1690.417649302287,112.34408602150538,1662.2660533544747,24
181,United States,676.8686714800563,590.4642632195134,132.49329758713137,544.3753738929249,28
182,Anglosphere ex-US,1533.110502017158,1471.459085969774,119.77848101265822,1413.3320210045,25
182,Continental Europe,900.6080841777418,822.0562065219652,129.0692124105012,771.5388717672406,26
182,Hindu,1493.6288704363565,1433.206685283369,66.04072398190046,1427.588146454456,21
182,Islamic,893.2499199686861,836.9972309703437,126.52032520325203,766.7295947654341,31
182,Japanese,169.76871843661772,116.17028670680443,50.47533632286996,119.29338211374775,12
182,Other Civilizations,423.38131309477035,327.69037244135137,104.59615384615385,318.7851592486165,21
182,Other Western,518.7668452787245,362.4565772065103,57.16981132075472,461.5970339579698,15
182,Sinic,1787.2562902771404,1717.5720760368565,112.34408602150538,1674.912204255635,24
182,United States,993.2962144696863,915.6984390582173,132.49329758713137,860.802916882555,28
183,Anglosphere ex-US,1588.4816048292482,1479.9160626946114,119.77848101265822,1468.70312381659,25
183,Continental Europe,1589.668775790294,1464.9610820579753,129.0692124105012,1460.5995633797927,26
183,Hindu,1494.97749154464,1430.6191235651104,66.04072398190046,1428.9367675627395,21
183,Islamic,892.7940968636425,803.1974693391652,126.52032520325203,766.2737716603905,31
183,Japanese,128.19488759673703,74.06780538015542,50.47533632286996,77.71955127386707,12
183,Other Civilizations,424.2012147392305,352.066219317188,104.59615384615385,319.60506089307665,21
183,Other Western,513.8522545874661,365.6517443848942,57.16981132075472,456.68244326671135,15
183,Sinic,1776.3143952892665,1729.2137487864234,112.34408602150538,1663.9703092677612,24
183,United States,1258.419182058585,1161.587547483194,132.49329758713137,1125.9258844714536,28
184,Anglosphere ex-US,1539.4700873111017,1470.2471202555748,119.77848101265822,1419.6916062984435,25
184,Continental Europe,899.7449957985427,808.1230070791131,129.0692124105012,770.6757833880415,26
184,Hindu,1497.2840147772067,1415.769889933835,66.04072398190046,1431.2432907953062,21
184,Islamic,892.1312993015022,829.879633200426,126.52032520325203,765.6109740982502,31
184,Japanese,173.03973856022225,102.90778275084851,50.47533632286996,122.56440223735228,12
184,Other Civilizations,427.92480513560855,359.8596991497469,104.59615384615385,323.3286512894547,21
184,Other Western,514.738968869377,460.4252209832135,57.16981132075472,457.5691575486223,15
184,Sinic,846.7877907392627,770.2421130175271,112.34408602150538,734.4437047177573,24
184,United States,2639.7935786004277,2557.8496016978097,132.49329758713137,2507.300281013296,28
185,Anglosphere ex-US,751.0415641892739,604.7649256038195,119.77848101265822,631.2630831766157,25
185,Continental Europe,1158.0737041295565,1068.4441970946837,129.0692124105012,1029.0044917190553,26
185,Hindu,1497.8332155414653,1438.1757009150772,66.04072398190046,1431.7924915595647,21
185,Islamic,893.2490108881698,788.9220615585558,126.52032520325203,766.7286856849178,31
185,Japanese,261.01089677766305,189.26546107951336,50.47533632286996,210.53556045479309,12
185,Other Civilizations,896.7742890636501,830.8761196020939,104.59615384615385,792.1781352174963,21
185,Other Western,515.4941548647872,418.2893960878191,57.16981132075472,458.3243435440325,15
185,Sinic,1167.9467388139713,1062.6502037366508,112.34408602150538,1055.602652792466,24
185,United States,969.1313478445253,883.3623107249459,132.49329758713137,836.638050257394,28
186,Anglosphere ex-US,1575.1667742099457,1468.4422994819656,119.77848101265822,1455.3882931972876,25
186,Continental Europe,1125.9861833217692,1058.7106919369023,129.0692124105012,996.916970911268,26
186,Hindu,1496.8050815828083,1436.4761519535218,66.04072398190046,1430.7643576009077,21
186,Islamic,883.8863693630495,829.6401135054072,126.52032520325203,757.3660441597975,31
186,Japanese,246.29099742544452,203.84394118800344,50.47533632286996,195.81566110257455,12
186,Other Civilizations,887.9754642607111,812.1020604991337,104.59615384615385,783.3793104145573,21
186,Other Western,515.277900561275,434.4579216482981,57.16981132075472,458.1080892405203,15
186,Sinic,1162.8505016931117,1107.0940463113836,112.34408602150538,1050.5064156716064,24
186,United States,970.6762216220933,882.7098633624596,132.49329758713137,838.182924034962,28
187,Anglosphere ex-US,1581.111488571595,1533.257178097819,119.77848101265822,1461.3330075589367,25
187,Continental Europe,2403.9930152946795,2312.561394757015,129.0692124105012,2274.9238028841783,26
187,Hindu,1499.0251626193356,1421.476609095604,66.04072398190046,1432.984438637435,21
187,Islamic,889.7390845800718,831.3328566948344,126.52032520325203,763.2187593768198,31
187,Japanese,211.0171066021413,133.59987928437133,50.47533632286996,160.54177027927133,12
187,Other Civilizations,427.040174502093,366.57930926955663,104.59615384615385,322.44402065593914,21
187,Other Western,514.1419661281316,353.98548155420673,57.16981132075472,456.97215480737685,15
187,Sinic,3653.249287050217,3556.1503733832474,112.34408602150538,3540.9052010287114,24
187,United States,583.9271034124079,493.92614251108483,132.49329758713137,451.4338058252765,28
188,Anglosphere ex-US,480.09280868881865,347.7441709735257,119.77848101265822,360.3143276761604,25
188,Continental Europe,733.6581206439697,644.955153559141,129.0692124105012,604.5889082334685,26
188,Hindu,1497.5071399252354,1433.0411348011446,66.04072398190046,1431.4664159433348,21
188,Islamic,890.7465911160673,839.8659427916588,126.52032520325203,764.2262659128153,31
188,Japanese,260.24716349437256,194.1192766851322,50.47533632286996,209.7718271715026,12
188,Other Civilizations,895.1905796301692,784.1451253861507,104.59615384615385,790.5944257840154,21
188,Other Western,515.7420276750064,374.84032788336646,57.16981132075472,458.5722163542517,15
188,Sinic,1784.6161844141138,1677.4124471586176,112.34408602150538,1672.2720983926085,24
188,United States,796.9946456954331,723.3919212619777,132.49329758713137,664.5013481083017,28
189,Anglosphere ex-US,760.3320602203113,675.843939022809,119.77848101265822,640.5535792076531,25
189,Continental Europe,1578.2233371213733,1490.8148502391318,129.0692124105012,1449.154124710872,26
189,Hindu,1494.0549166707715,1434.0637732748507,66.04072398190046,1428.014192688871,21
189,Islamic,889.1082628884801,848.7134280348668,126.52032520325203,762.5879376852281,31
189,Japanese,255.30178333331492,190.34341437831557,50.47533632286996,204.82644701044495,12
189,Other Civilizations,192.85836975447904,143.57939154524655,104.59615384615385,88.26221590832519,21
189,Other Western,510.06658605965697,445.5791396959283,57.16981132075472,452.89677473890225,15
189,Sinic,1779.5752064840947,1702.5911720706188,112.34408602150538,1667.2311204625894,24
189,United States,1256.7242042647747,1173.726770038814,132.49329758713137,1124.2309066776434,28
190,Anglosphere ex-US,467.85545223608824,357.3707721176456,119.77848101265822,348.07697122343,25
190,Continental Europe,906.3520801611239,802.6976139366791,129.0692124105012,777.2828677506227,26
190,Hindu,1497.7278236952743,1429.7860119187949,66.04072398190046,1431.6870997133738,21
190,Islamic,893.7340390130678,829.3896704282997,126.52032520325203,767.2137138098158,31
190,Japanese,337.9444867280966,273.94766008713106,50.47533632286996,287.4691504052266,12
190,Other Civilizations,272.7163803317123,238.39753500146045,104.59615384615385,168.12022648555842,21
190,Other Western,517.9127021372326,361.4836444465081,57.16981132075472,460.7428908164779,15
190,Sinic,1772.5162852242543,1707.3178916586944,112.34408602150538,1660.172199202749,24
190,United States,428.4037226726297,356.9593900827969,132.49329758713137,295.91042508549833,28
191,Anglosphere ex-US,762.7407319481184,694.7193359396188,119.77848101265822,642.9622509354602,25
191,Continental Europe,903.5241128931862,828.6998870760339,129.0692124105012,774.4549004826849,26
191,Hindu,1495.092828279583,1423.7524303489306,66.04072398190046,1429.0521042976825,21
191,Islamic,889.2301013199015,842.3307310667589,126.52032520325203,762.7097761166494,31
191,Japanese,466.46042818273514,395.5163098148968,50.47533632286996,415.9850918598652,12
191,Other Civilizations,891.2232541529162,819.8949140053969,104.59615384615385,786.6271003067624,21
191,Other Western,512.3256225193902,404.3821204871568,57.16981132075472,455.1558111986355,15
191,Sinic,1161.0833186251728,1082.5385962251576,112.34408602150538,1048.7392326036675,24
191,United States,1275.6933321955742,1174.134297353825,132.49329758713137,1143.2000346084428,28
192,Anglosphere ex-US,736.9727660689607,709.3040329458044,119.77848101265822,617.1942850563025,25
192,Continental Europe,1153.8469441601294,1028.9100338721132,129.0692124105012,1024.7777317496282,26
192,Hindu,1496.3620052635927,1432.6356732675927,66.04072398190046,1430.321281281692,21
192,Islamic,886.9677453106508,848.9357331232053,126.52032520325203,760.4474201073988,31
192,Japanese,259.2878044980234,196.20187141220705,50.47533632286996,208.8124681751534,12
192,Other Civilizations,882.3423323029325,782.4267696423673,104.59615384615385,777.7461784567787,21
192,Other Western,513.4191513715461,473.8414686553624,57.16981132075472,456.24934005079143,15
192,Sinic,849.8236770742421,756.3287927112543,112.34408602150538,737.4795910527367,24
192,United States,1255.1448601228174,1163.1850538624406,132.49329758713137,1122.651562535686,28
193,Anglosphere ex-US,455.27405127046364,413.8139438766581,119.77848101265822,335.4955702578054,25
193,Continental Europe,4956.813484526268,4884.5032219073455,129.0692124105012,4827.744272115768,26
193,Hindu,1497.4408156522454,1432.2529393489617,66.04072398190046,1431.4000916703449,21
193,Islamic,890.5550940818572,842.6832901237036,126.52032520325203,764.0347688786052,31
193,Japanese,208.78517766411528,153.4698401992338,50.47533632286996,158.30984134124532,12
193,Other Civilizations,420.4028221223987,361.54679091434923,104.59615384615385,315.8066682762448,21
193,Other Western,513.4611893336278,365.8552159769469,57.16981132075472,456.29137801287305,15
193,Sinic,1791.9199161111558,1666.0288477504378,112.34408602150538,1679.5758300896505,24
193,United States,1272.6544873977928,1198.4723765529861,132.49329758713137,1140.1611898106614,28
194,Anglosphere ex-US,1580.3672314586179,1321.3770868775885,119.77848101265822,1460.5887504459597,25
194,Continental Europe,1151.2599416939886,1015.1484243813828,129.0692124105012,1022.1907292834874,26
194,Hindu,1494.3376755044594,1442.4003010784377,66.04072398190046,1428.2969515225589,21
194,Islamic,895.5136696503862,801.9599248424186,126.52032520325203,768.9933444471342,31
194,Japanese,261.2038231965589,167.5679720782083,50.47533632286996,210.72848687368895,12
194,Other Civilizations,271.4586558559103,220.5520221205587,104.59615384615385,166.86250200975644,21
194,Other Western,517.3472774778955,362.94627246587487,57.16981132075472,460.1774661571408,15
194,Sinic,3658.517904712925,3540.0399480664964,112.34408602150538,3546.1738186914195,24
194,United States,989.9864195910732,894.9948111928079,132.49329758713137,857.4931220039418,28
195,Anglosphere ex-US,1549.0798092596265,1436.721886496985,119.77848101265822,1429.3013282469683,25
195,Continental Europe,736.0844292311554,605.7774755241121,129.0692124105012,607.0152168206541,26
195,Hindu,1494.7176446526555,1434.2830515613707,66.04072398190046,1428.676920670755,21
195,Islamic,883.1402283536161,791.5010862672804,126.52032520325203,756.619903150364,31
195,Japanese,168.90777463179086,108.36486932783222,50.47533632286996,118.4324383089209,12
195,Other Civilizations,425.06259065847985,365.3908191817951,104.59615384615385,320.466436812326,21
195,Other Western,514.9408131497346,434.7925455019174,57.16981132075472,457.7710018289799,15
195,Sinic,1781.7991289987729,1682.591252419312,112.34408602150538,1669.4550429772676,24
195,United States,1260.678853990856,1173.2927025647957,132.49329758713137,1128.1855564037246,28
196,Anglosphere ex-US,748.5598206401946,691.5316262353485,119.77848101265822,628.7813396275365,25
196,Continental Europe,2438.6778170550724,2293.582191207226,129.0692124105012,2309.608604644571,26
196,Hindu,1494.274974802272,1416.7603210776838,66.04072398190046,1428.2342508203715,21
196,Islamic,895.5140386043671,816.2755855294268,126.52032520325203,768.9937134011151,31
196,Japanese,73.40367895361459,29.13798691635035,50.47533632286996,22.92834263074463,12
196,Other Civilizations,414.12587401233895,345.3895383888248,104.59615384615385,309.5297201661851,21
196,Other Western,513.5433571900043,453.9797779020307,57.16981132075472,456.37354586924954,15
196,Sinic,1777.9791266811599,1693.5807935186813,112.34408602150538,1665.6350406596546,24
196,United States,312.3845426617597,221.3982808489441,132.49329758713137,179.89124507462836,28
197,Anglosphere ex-US,764.9204437063211,638.169852307358,119.77848101265822,645.1419626936629,25
197,Continental Europe,1152.259670921043,1065.4404619839463,129.0692124105012,1023.1904585105417,26
197,Hindu,1497.7384774924262,1430.7362972908475,66.04072398190046,1431.6977535105257,21
197,Islamic,897.2795372223172,804.3510672429471,126.52032520325203,770.7592120190652,31
197,Japanese,167.44851885801558,107.44305962436997,50.47533632286996,116.97318253514561,12
197,Other Civilizations,267.107471294565,220.63412174541338,104.59615384615385,162.51131744841115,21
197,Other Western,514.641018737362,445.8256727855507,57.16981132075472,457.47120741660723,15
197,Sinic,3652.907784438374,3561.4158891854886,112.34408602150538,3540.5636984168686,24
197,United States,991.1658231203475,890.4212555835259,132.49329758713137,858.6725255332161,28
198,Anglosphere ex-US,750.7225149604944,616.0627620695989,119.77848101265822,630.9440339478363,25
198,Continental Europe,4970.046962826255,4868.566528309565,129.0692124105012,4840.977750415755,26
198,Hindu,1497.241385551775,1426.2243067883385,66.04072398190046,1431.2006615698745,21
198,Islamic,890.7510089960896,839.326462859466,126.52032520325203,764.2306837928376,31
198,Japanese,175.04845548568622,123.3177367463944,50.47533632286996,124.57311916281625,12
198,Other Civilizations,427.4045126584434,353.1578456961686,104.59615384615385,322.80835881228955,21
198,Other Western,511.8030397553627,458.9624103594796,57.16981132075472,454.633228434608,15
198,Sinic,1780.7696021989634,1719.9744466350953,112.34408602150538,1668.4255161774581,24
198,United States,489.7938043335986,400.2234250508757,132.49329758713137,357.30050674646725,28
199,Anglosphere ex-US,459.6974000324275,370.24012319448565,119.77848101265822,339.91891901976925,25
199,Continental Europe,1151.3455001237082,1073.290261491635,129.0692124105012,1022.276287713207,26
199,Hindu,1491.757652686554,1425.534576825096,66.04072398190046,1425.7169287046534,21
199,Islamic,890.8742456243195,827.7109522913278,126.52032520325203,764.3539204210675,31
199,Japanese,201.90874840668425,133.29763479965982,50.47533632286996,151.4334120838143,12
199,Other Civilizations,197.5844407080151,142.8739654051582,104.59615384615385,92.98828686186125,21
199,Other Western,515.5401994738866,362.32194259669023,57.16981132075472,458.37038815313184,15
199,Sinic,3652.403143917169,3537.861433910162,112.34408602150538,3540.0590578956635,24
199,United States,810.2272402924963,698.3488114075226,132.49329758713137,677.7339427053649,28
